stt,gid,cau_hoi_A,cau_hoi_B,nhan (SAME/DIFFERENT/UNSURE),ghi_chu (tuy chon)
1,d3_s0532_P3_v1,which frameworks did react team partner w/ so new apps get react compiler by default?,Which frameworks has the React team partnered with to help new apps adopt React Compiler by default?,,
2,d4_s0270_N3_v1,What is juvenile myelomonocytic leukemia and which age group does it typically affect?,What is chronic myelomonocytic leukemia and which age group does it typically affect?,,
3,d3_s0513_N1_v2,What is the API signature for the Activity component and for addTransitionType?,"Which React release channel did the Activity component ship in, and where are ViewTransition and addTransitionType available?",,
4,d1_s0729_N6_v1,What happens if a student misses a lecture session in 11.001J?,"How many lecture sessions per week does 11.001J have, and how long is each session?",,
5,d4_s0120_N6_v1,Why is Epstein-Barr virus infection more common in Africa than in the United States?,"Is Burkitt lymphoma/leukemia linked to a virus, and where is that infection more common?",,
6,d3_s0460_N3_v2,Who authored the React v18.0 blog post and when was it published?,Who authored the React Canaries blog post and when was it published?,,
7,d2_s0650_P3_v2,expected gradient length (egl) selects informative instances based on wat criteria??,What criterion does Expected Gradient Length (EGL) use to select informative instances?,,
8,d4_s0313_P2_v4,What factors increase a person's risk of developing uterine sarcoma?,I'd like to know which factors are linked to a higher risk of uterine sarcoma.,,
9,d3_s0305_N5_v1,When was the earliest transfer of Django's assets to the Django Software Foundation?,What is the relationship between the Django Project and the Django Software Foundation?,,
10,d5_s0005_P3_v4,Học phí đào tạo theo hình thức vừa làm vừa học hoặc đào tạo từ xa bị giới hạn ở mức nào so với hệ chính quy?,học phí đào tạo vừa làm vừa hoc hay tu xa bi gioi han muc nao so voi he chinh quy nhi,,
11,d4_s0507_P2_v4,What rank does breast cancer hold as a cause of cancer death among American women?,"Is breast cancer ranked first, second, or third as a cause of cancer death in American women?",,
12,d2_s0053_P3_v4,"What does the TV series ""1000 Ways to Die"" do, and what is it compared to in the paper?","1000 ways to die: does what, similar to what??",,
13,d2_s0081_P3_v3,What gap in prior research does this paper claim to fill regarding Twitter and word semantic similarity?,paper claims to fill what gap w/ twitter and word sem similarity??,,
14,d3_s0244_P2_v2,"Where can a new Django contributor ask if they're unsure about marking a ticket ""Ready For Check-in""?","Tell me where a new Django contributor can ask questions about marking a ticket ""Ready For Check-in"".",,
15,d1_s0332_N6_v1,How is the final grade broken down in 1.061?,What happens to the 1.061 grade if a student misses one of the quizzes?,,
16,d2_s0590_P3_v4,HOW MANY datasets and from what NLP tasks was the sequence labeling model evaluted,"On how many datasets, and from which NLP tasks, were the sequence labeling models evaluated in this paper?",,
17,d2_s0326_N6_v1,Why does the knowledge base improve the parser's prior probability distribution on sentence meanings?,What knowledge base does the probabilistic semantic parser use to form its prior probability distribution on sentence meanings?,,
18,d1_s0262_N5_v1,At which lecture session is Quiz 2 given in MIT's 1.051 course?,At which lecture session is the last quiz given in MIT's 1.051 course?,,
19,d5_s0005_P3_v1,hoc phi he vua lam vua hoc hoac dao tao tu xa bi gioi han o muc nao so voi chinh quy v?,Học phí đào tạo theo hình thức vừa làm vừa học hoặc đào tạo từ xa bị giới hạn ở mức nào so với hệ chính quy?,,
20,d1_s0502_N3_v2,What exam materials are available for the undergraduate course 10.445 taught by Prof. Charles Cooney?,What exam materials are available for the undergraduate course 10.445 taught by Prof. Daniel Wang?,,
21,d1_s0237_N3_v2,What are the topics of Lec 1 and Lab 0 in Week 1 of this course?,What are the topics of Lec 1 and Lab 0 in Week 2 of this course?,,
22,d2_s0450_N1_v1,What percentage of human effort does the proposed VQA crowdsourcing system typically eliminate without losing information?,How does the proposed VQA crowdsourcing system decide which questions to skip?,,
23,d5_s0275_P2_v2,Sinh viên vắng mặt trong buổi thi không có lý do chính đáng thì bị xử lý điểm như thế nào?,Cho tôi biết cách xử lý điểm đối với sinh viên vắng mặt buổi thi không có lý do chính đáng.,,
24,d3_s0105_N4_v1,What condition must be satisfied for the {% load %} tag to be able to load an app's custom template tags?,What condition prevents the {% load %} tag from loading an app's custom template tags?,,
25,d4_s0520_N3_v2,What is Waldenström macroglobulinemia and can it become cancer?,What is monoclonal gammopathy of undetermined significance (MGUS) and can it become cancer?,,
26,d3_s0280_N4_v1,How do you run Django's tests after forking without installing the requirements?,What are the basic quickstart steps to run Django's tests after forking the repo?,,
27,d1_s0265_N2_v2,"Who taught MIT's undergraduate civil engineering design courses, and in what terms?",Who taught MIT's 1.051 Structural Engineering Design course and in what term?,,
28,d1_s0272_N2_v2,What is the topic of Homework 1 in 1.054 Mechanics and Design of Concrete Structures?,What are the topics of all the homework assignments in 1.054 Mechanics and Design of Concrete Structures?,,
29,d4_s0246_P3_v2,essential thrombocythemia symptoms??,What symptoms may be caused by essential thrombocythemia?,,
30,d2_s0775_N2_v1,How many annotations and how many tweets does the Twitter dataset used for classifying depressive symptoms contain?,How many annotations and tweets are in the test split of the depressive symptom Twitter dataset?,,
31,d1_s0001_N6_v2,"Who are the instructors for MIT's course 1.00, Introduction to Computers and Engineering Problem Solving?",Which MIT department do the instructors of course 1.00 belong to?,,
32,d2_s0068_N5_v1,Which module does SpCoA integrate first?,What is SpCoA and what does it integrate?,,
33,d1_s0027_P2_v4,"Which homework is collected or handed out at L7, and what is being lectured on that day?","What homework events occur at lecture L7, and what topic is covered there?",,
34,d3_s0559_N4_v1,"Who owns React, React Native, and JSX now that the React Foundation has launched?",Which React-related projects does Meta still own now that the React Foundation has launched?,,
35,d5_s0164_P3_v2,Thông báo tuyển sinh sau đại học phải được công bố công khai trước khi hết hạn nhận hồ sơ bao lâu?,tb tuyển sinh sau đh cần public trc hạn nhận hs bn ngày ạ?,,
36,d5_s0246_P2_v1,"Trong trường hợp nào học sinh, sinh viên không phải nộp giấy tờ liên quan để hưởng chính sách miễn giảm học phí?","Cho tôi biết trường hợp học sinh, sinh viên không phải nộp giấy tờ liên quan để hưởng chính sách miễn giảm học phí.",,
37,d2_s0222_N3_v1,"What is the maximum message length allowed on Facebook, according to the paper?","What is the maximum message length allowed on microblogging platforms like Twitter and Weibo, according to the paper?",,
38,d2_s0734_P1_v1,What additional source of information further improves the multi-level entity representations described in this paper?,Which extra information source gives a further boost to the multi-level entity representations in this paper?,,
39,d5_s0049_N2_v1,"Nếu cơ sở giáo dục mầm non, phổ thông công lập có chương trình chất lượng cao không đạt kiểm định chất lượng, mức thu học phí theo đề án cũ được áp dụng tối đa trong bao lâu?",Riêng khoản thu dịch vụ bán trú của chương trình chất lượng cao chưa đạt kiểm định được áp dụng theo đề án cũ tối đa bao lâu?,,
40,d3_s0816_P3_v4,"In the Server + Client Components demo, what marks Counter.js as a Client Component?",whats mark counter.js as a client compnent in the server + client comps demo,,
41,d1_s0243_P1_v4,What was the required textbook for the 1.050 Solid Mechanics course?,What was the compulsory course book for 1.050 Solid Mechanics?,,
42,d1_s0592_N3_v2,Who is the instructor of MIT course 10.52 Mechanics of Fluids?,Who is the instructor of MIT course 10.571J Atmospheric Physics and Chemistry?,,
43,d1_s0462_N1_v2,What exam materials are available for download in MIT's 10.40 Chemical Engineering Thermodynamics course page?,What topics do the exams cover in MIT's 10.40 Chemical Engineering Thermodynamics course?,,
44,d5_s0263_P3_v3,tieu chuan nguoi hd ncs o k2 d5 tt 18/2021 tt bgddt duoc ap dung tiep den luc nao z,Quy định về tiêu chuẩn người hướng dẫn nghiên cứu sinh tại khoản 2 Điều 5 của Thông tư 18/2021/TT-BGDĐT được tiếp tục áp dụng đến khi nào?,,
45,d4_s0216_N4_v2,Which bones does osteosarcoma usually avoid in children and adolescents?,Where does osteosarcoma commonly form in children and adolescents?,,
46,d4_s0221_N2_v2,What is a gastrointestinal carcinoid tumor and where do these tumors typically occur?,What are carcinoid tumors in general and where in the body do they occur?,,
47,d1_s0687_N6_v2,"When is the Second Exam scheduled in the 10.805J course calendar, and what topic accompanies it?",Which readings prepare students for the Second Exam topic in 10.805J?,,
48,d2_s0026_N1_v1,"Since when has the study of argumentation existed, according to the paper?",How does the paper define argumentation?,,
49,d3_s0154_P1_v1,Is manual escaping of commas and quotes required when writing CSV rows with Python's csv module in Django?,Do you need to manually escape commas or quotes when writing rows with Python's csv module in Django?,,
50,d1_s0440_P2_v4,"10.37, Chemical and Biological Reaction Engineering — what department does it belong to?",Which department offers the course Chemical and Biological Reaction Engineering (10.37)?,,
51,d1_s0182_P2_v2,The 1.033 subject is made up of which four parts?,What are the four parts that make up the 1.033 subject?,,
52,d1_s0466_N6_v2,What courses were prerequisites for 10.40 Chemical Engineering Thermodynamics?,Which prerequisite topics were reviewed in the first lectures of 10.40 Chemical Engineering Thermodynamics?,,
53,d4_s0052_P1_v4,What cell type do some scientists believe gastrointestinal stromal tumors originate from?,Some experts think gastrointestinal stromal tumors develop from which type of cell?,,
54,d1_s0155_P1_v2,Who taught Ecology II: Engineering for Sustainability and in which term?,"Which professor taught Ecology II: Engineering for Sustainability, and during which semester?",,
55,d1_s0097_P1_v2,"When was 1.017 Computing and Data Analysis for Environmental Applications offered, and at what level?",What term and academic level was 1.017 Computing and Data Analysis for Environmental Applications taught at?,,
56,d1_s0669_N5_v2,At which lecture is the last problem set due in 10.675J?,At which lectures are problem sets 1 through 4 due in 10.675J?,,
57,d4_s0458_N3_v2,What syndrome is a known risk factor for medullary thyroid cancer?,What syndrome is a known risk factor for pancreatic neuroendocrine tumors?,,
58,d5_s0321_N4_v1,"Tỷ lệ giảm học phí hàng năm tối đa đối với giáo dục mầm non, giáo dục phổ thông dân lập, tư thục là bao nhiêu?","Tỷ lệ tăng học phí hàng năm tối đa đối với giáo dục mầm non, giáo dục phổ thông dân lập, tư thục là bao nhiêu?",,
59,d4_s0761_N6_v1,What factors are believed to cause adolescent idiopathic scoliosis?,"Since the cause is unknown, how is adolescent idiopathic scoliosis diagnosed?",,
60,d1_s0034_P3_v1,who taught mit's 1.010 uncertainty in engineering n which term?,Who taught MIT's 1.010 Uncertainty in Engineering course and in which term?,,
61,d1_s0157_N2_v2,What percentage of the final grade do the two exams count for combined?,What percentage of the final grade do the exams and problem sets count for combined?,,
62,d3_s0746_N1_v1,How do you debug a runtime issue introduced by React Compiler?,Why are build-time errors from React Compiler considered rare?,,
63,d3_s0792_N3_v2,"What two built-in Hooks does the custom useChatRoom Hook combine, and what value does it return?","What two built-in Hooks does the custom useOnlineStatus Hook combine, and what value does it return?",,
64,d1_s0482_N6_v1,"How many lecture sessions per week does the 10.442 Biochemical Engineering course hold, and how long is each session?",On which days of the week are the three 10.442 Biochemical Engineering lectures scheduled?,,
65,d5_s0171_N1_v2,"Ai chịu trách nhiệm quản lý hoạt động thực hành, thực tập tổ chức ngoài cơ sở đào tạo?","Hoạt động thực hành, thực tập tổ chức ngoài phạm vi cơ sở đào tạo được chiếm tối đa bao nhiêu phần trăm tổng khối lượng chương trình đào tạo?",,
66,d1_s0391_N4_v2,Which textbooks are not required for 10.32 Separation Processes?,"What is the required textbook for Separation Processes (10.32), and what is its ISBN?",,
67,d4_s0137_N2_v2,"Where do brain and spinal cord tumors rank among childhood cancers, and which cancers are more common?","Where do brain and spinal cord tumors rank among cancers at all ages, and which are more common?",,
68,d2_s0388_N3_v2,How many questions and evidences does the SQuAD dataset contain?,How many questions and evidences does the WebQA dataset contain?,,
69,d4_s0600_P2_v4,What is colon cancer?,How would colon cancer be described?,,
70,d3_s0489_N6_v1,"How many times was React downloaded in 2023, according to the State of React talk at React Conf 2024?",What did the State of React talk attribute React's 2023 download growth to?,,
71,d1_s0313_P3_v2,1.060 engineering mechanics 2 textbook??,What textbook is used in 1.060 Engineering Mechanics II?,,
72,d3_s0218_N3_v2,"What must happen before reopening a Django ticket that's been marked ""wontfix""?","What must happen before reopening a Django ticket that's been marked ""duplicate""?",,
73,d5_s0170_N4_v1,Những ngành đào tạo nào không cho phép giảng viên chưa có bằng tiến sĩ dù có danh hiệu đặc biệt tham gia giảng dạy?,"Những ngành đào tạo nào cho phép giảng viên chưa có bằng tiến sĩ nhưng có danh hiệu đặc biệt (như NSND, Nhà giáo ưu tú, kiện tướng quốc gia...) được tham gia giảng dạy?",,
74,d2_s0458_N4_v4,"How many discourse dictionaries did the researchers create, and how was each built?",How many discourse dictionaries did the researchers borrow instead of creating?,,
75,d4_s0761_N4_v1,Which factors have been ruled out as causes of adolescent idiopathic scoliosis?,What factors are believed to cause adolescent idiopathic scoliosis?,,
76,d3_s0262_N4_v2,"What is the maximum line length allowed in Django's Python code, and why?","What line length is disallowed in Django's Python code, and why?",,
77,d4_s0071_N2_v1,How does pleomorphic liposarcoma differ from round cell myxoid liposarcoma in grade and treatment response?,How does pleomorphic liposarcoma differ from myxoid liposarcoma in grade and treatment response?,,
78,d1_s0734_N4_v3,"Who taught 11.002J Making Public Policy in Fall 2014, and at what level?",Which level was 11.002J Making Public Policy closed to in Fall 2014?,,
79,d2_s0635_N5_v1,What is the earliest date of a tweet in the dataset used in this study?,What topic and time period does the tweet dataset used in this study cover?,,
80,d1_s0367_P3_v1,who taught mit 10.302 transport processes fall 2004?,Who taught MIT's 10.302 Transport Processes course in Fall 2004?,,
81,d3_s0501_P1_v4,"What is meant by ""Actions"" in the React 19 release?","What are ""Actions"" in React 19?",,
82,d3_s0482_N3_v1,"According to the React docs example, what is Astana's population and when was it Kazakhstan's capital?","According to the React docs example, what is Almaty's population and when was it Kazakhstan's capital?",,
83,d1_s0212_N1_v1,What were the homework policies for MIT's 1.050 Engineering Mechanics I in Fall 2007?,"Who taught MIT's 1.050 Engineering Mechanics I in Fall 2007, and in which department?",,
84,d1_s0516_N3_v2,"What are the prerequisites for MIT's 10.451 Process Dynamics, Operations, and Control?","What are the prerequisites for MIT's 10.450 Process Dynamics, Operations, and Control?",,
85,d2_s0135_P2_v4,Could you tell me why MVCNN relies on pretraining?,Why is pretraining important for MVCNN?,,
86,d1_s0207_P2_v3,I'm trying to find out the submission point for the term project proposal in Spring 2009 Project Management.,When is the term project proposal due in the Spring 2009 Project Management course?,,
87,d2_s0482_N1_v2,Which features does the rumour stance classifier in this paper use?,What type of machine learning model underlies the rumour stance classifier in this paper?,,
88,d4_s0102_N3_v1,What are the four phases of Sezary syndrome?,What are the four phases of mycosis fungoides?,,
89,d3_s0339_N1_v2,"After repackaging the polls app, what values are set for name, label, and default_auto_field in PollsConfig?",What does the label attribute of a Django AppConfig actually control?,,
90,d3_s0422_N1_v2,Which organization maintains the Django Debug Toolbar package?,How do you install the Django Debug Toolbar into a project?,,
91,d4_s0447_P3_v3,How much higher is the risk of oral cavity and oropharyngeal cancer for someone who has 5 or more alcoholic drinks per day compared to a non-drinker?,hw much highr is risk of oral cavty and oropharyngeal cancr for smone havng 5 or more alcholic drinks per day compard to a non drinker,,
92,d1_s0002_P3_v1,"In which term was MIT course 1.00 taught, according to this page?",in which term was mit course 1.00 taught acc to this page?,,
93,d1_s0111_N5_v3,At most how many speakers give the CI lecture on getting started with the term project?,"Who gives the CI lecture on getting started with the term project in Lecture 4, and what is their affiliation?",,
94,d5_s0344_N2_v1,"Cha mẹ hoặc người giám hộ có bao nhiêu ngày làm việc kể từ ngày khai giảng năm học để nộp đơn đề nghị miễn, giảm học phí?","Cha mẹ hoặc người giám hộ của học sinh chuyển trường giữa năm có bao nhiêu ngày làm việc để nộp đơn đề nghị miễn, giảm học phí?",,
95,d2_s0578_P2_v1,Name the two shortcomings of current encoder-decoder models that are addressed in this summarization paper.,What two shortcomings of current encoder-decoder models does this summarization paper address?,,
96,d4_s0378_P3_v1,wat size ovarian cyst is a risk factor for a hydatidiform mole becoming cancer,What ovarian cyst size is considered a risk factor for a hydatidiform mole turning into cancer?,,
97,d3_s0331_P1_v2,What field and field type does the Reporter model use in Django's overview example?,"In the Django overview example, what field does the Reporter model have and what type is it?",,
98,d5_s0152_P3_v2,Ai đã ký ban hành Thông tư 53/2026/TT-BGDĐT?,tt 53/2026/tt-bgdđt ai ký z?,,
99,d1_s0201_N3_v1,"What is Assignment 2 in the Spring 2009 Project Management course, what is its word limit, and when is it due?","What is Assignment 1 in the Spring 2009 Project Management course, what is its word limit, and when is it due?",,
100,d4_s0198_N5_v3,Which type of childhood liver cancer usually affects older children and adolescents and is more common in parts of Asia with high hepatitis rates?,Which type of childhood liver cancer is the least common in parts of Asia with high hepatitis rates?,,
101,d3_s0483_P1_v4,"What does the Kazakh word 'алма' mean, and how is Almaty's name often translated?","Which word does the Kazakh 'алма' stand for, and how is the name Almaty commonly rendered?",,
102,d1_s0748_P2_v2,"Assignment 1 is capped at how many pages, and students must avoid doing what?","What is the page limit for Assignment 1, and what should students avoid doing when completing it?",,
103,d2_s0465_P3_v1,What proportion of references in a paper are estimated to be highly influential?,what % of refs in a paper r estimated to be highly influential?,,
104,d3_s0397_N4_v2,What two things does the poll voting form in detail.html include to safely submit data via POST?,What makes the poll voting form in detail.html unsafe when submitting data via POST?,,
105,d5_s0005_N5_v2,Học phí đào tạo theo hình thức vừa làm vừa học hoặc đào tạo từ xa bị giới hạn ở mức nào so với hệ chính quy?,"Trong các hình thức đào tạo, hình thức nào có trần học phí cao nhất so với hệ chính quy?",,
106,d5_s0192_N2_v1,Nghiên cứu sinh bị buộc thôi học trong những trường hợp nào?,Nghiên cứu sinh học theo hình thức không tập trung bị buộc thôi học trong những trường hợp nào?,,
107,d2_s0215_P3_v4,the two tweet datasets - when were they collcted lol,When were the two tweet datasets used in this study collected?,,
108,d5_s0096_N6_v2,"Theo Điều 7, hệ giá trị cơ bản của công dân Việt Nam mà sinh viên cần hình thành và phát triển gồm những giá trị nào?","Theo Điều 7, nhà trường lồng ghép hệ giá trị cơ bản của công dân Việt Nam vào chương trình nào?",,
109,d1_s0434_P2_v1,Please tell me the correction that was noted for the reactor pipe length in problem 11-5 of problem set 8.,What correction was noted for the reactor pipe length in problem set 8's problem 11-5?,,
110,d5_s0075_N1_v2,Địa phương được xác định là địa phương khó khăn dựa trên tiêu chí nào?,Ngân sách trung ương có vai trò gì đối với các địa phương khó khăn trong việc thực hiện chính sách miễn giảm học phí?,,
111,d2_s0806_N1_v2,What are the four components that make up a Hybrid Code Network?,What advantages do Hybrid Code Networks have over end-to-end dialog models?,,
112,d5_s0348_N2_v2,"Mẫu đơn nào áp dụng cho đối tượng miễn, giảm học phí ở cơ sở giáo dục nghề nghiệp và đại học tư thục?","Mẫu đơn nào áp dụng cho đối tượng miễn, giảm học phí ở tất cả các cấp học?",,
113,d1_s0294_P3_v1,Who taught MIT's Engineering Mechanics II (1.060) in Spring 2006?,who taught mit eng mechanics II (1.060) in spring 06?,,
114,d5_s0194_N4_v1,Luận án tiến sĩ có thể được xây dựng theo những hình thức nào?,Luận án tiến sĩ không được xây dựng theo hình thức nào?,,
115,d3_s0495_P1_v4,"Which React versions does React Compiler officially support, and what package enables older versions?","What is the officially supported React version range for React Compiler, and which package enables earlier versions?",,
116,d5_s0187_N6_v1,Nếu người hướng dẫn cơ hữu chuyển công tác thì nghiên cứu sinh được xử lý thế nào?,"Mỗi nghiên cứu sinh có thể có tối đa bao nhiêu người hướng dẫn, và có yêu cầu gì bắt buộc đối với ít nhất một trong số họ?",,
117,d5_s0351_P1_v2,"Ai chịu trách nhiệm chi trả kinh phí miễn, giảm học phí cho học sinh, sinh viên tại các cơ sở giáo dục nghề nghiệp và giáo dục đại học trên địa bàn?","Đơn vị nào đảm nhiệm việc thanh toán kinh phí miễn, giảm học phí cho học sinh, sinh viên tại cơ sở giáo dục nghề nghiệp và giáo dục đại học trong địa bàn?",,
118,d4_s0075_N2_v2,"What is the most common type of childhood vascular tumor, and how does it usually behave over time?","What is the most common type of childhood soft tissue tumor, and how does it usually behave?",,
119,d2_s0058_N1_v2,What theoretical frameworks does the paper's hedge model combine with label semantics?,Which hedges does the paper's model cover?,,
120,d2_s0169_N2_v1,Which benchmark dataset was used for AttSum's hyperparameter tuning?,What benchmark datasets were used to evaluate AttSum?,,
121,d2_s0020_N4_v1,"How many languages do NLP toolboxes like OpenNLP and CoreNLP cover, and how many languages have enough labeled training data for POS models?","How many languages do NLP toolboxes like OpenNLP and CoreNLP fail to cover, and how many languages lack enough labeled data for POS models?",,
122,d5_s0049_N6_v2,"Nếu cơ sở giáo dục mầm non, phổ thông công lập có chương trình chất lượng cao không đạt kiểm định chất lượng, mức thu học phí theo đề án cũ được áp dụng tối đa trong bao lâu?","Cơ quan nào tổ chức kiểm định chất lượng chương trình chất lượng cao của trường mầm non, phổ thông công lập?",,
123,d5_s0261_N3_v1,Người học phải nhập học trước ngày nào để tiếp tục được đào tạo theo Quy chế cũ (Thông tư 23/2021 và 18/2021/TT-BGDĐT)?,Người học phải nhập học trước ngày nào để tiếp tục được đào tạo theo Quy chế cũ (Thông tư 08/2021/TT-BGDĐT)?,,
124,d3_s0329_P1_v3,What does Django's makemigrations command do?,Can you explain what the makemigrations command in Django does?,,
125,d3_s0591_P2_v2,I'd like to know which company Andrew Clark is employed by and which React working groups include him.,"Which company does Andrew Clark work for, and which React working groups is he part of?",,
126,d3_s0210_N4_v2,At what WCAG version and conformance level is Django exempt from complying?,At what WCAG version and conformance level does Django aim to comply for accessibility?,,
127,d5_s0113_P3_v1,thang diem danh gia ket qua ren luyen cua sinh vien la bao nhieu v?,Thang điểm dùng để đánh giá kết quả rèn luyện của sinh viên là bao nhiêu?,,
128,d1_s0220_N6_v2,What is the topic of Session 1 in the 1.050 Engineering Mechanics I calendar?,Is attendance required at Session 1 of 1.050 Engineering Mechanics I?,,
129,d3_s0056_N5_v1,When was the React v18.0 release blog post published and who authored it?,When was the earliest React 18 blog post published and who authored it?,,
130,d3_s0526_N1_v2,When was the React Foundation announced?,What projects will become the new home under the React Foundation?,,
131,d1_s0522_P3_v3,In which term and at what level was MIT's 10.467 Polymer Science Laboratory taught?,whats the term and lvl for mit 10467 polymer science laboratory,,
132,d3_s0511_N5_v1,"Who wrote the April 2025 React Labs post about View Transitions and Activity, and when was it published?",When was the April 2025 React Labs post on View Transitions and Activity last updated?,,
133,d2_s0016_N6_v2,What are the two jointly trained components of the dynamic neural module network model?,What loss is used to train the two components of this model jointly?,,
134,d1_s0102_N5_v2,When does Quiz 1 occur in the 1.017 course calendar?,Which is the last recitation in the 1.017 course calendar to include a quiz?,,
135,d4_s0798_N4_v1,What typically happens to babies with Hb Bart syndrome who survive delivery?,What typically happens to babies born with Hb Bart syndrome?,,
136,d3_s0646_N5_v4,What was the original command for creating a Next.js app before create-next-app existed?,What command do I run to create a new Next.js app?,,
137,d5_s0090_N6_v1,Thông tư yêu cầu cơ chế phối hợp nào để nâng cao hiệu quả công tác sinh viên?,"Nếu nhà trường, gia đình và xã hội không phối hợp thì Thông tư quy định xử lý thế nào?",,
138,d2_s0128_N4_v1,What well-known measure has traditionally been used in the literature to automatically assess the readability of text documents?,Which well-known readability measure has the literature traditionally avoided for automatic assessment?,,
139,d5_s0231_N3_v2,"Đơn giá tối đa thực hiện giao nhiệm vụ dịch vụ giáo dục mầm non, phổ thông, đại học, nghề nghiệp được xác định như thế nào?","Đơn giá tối đa thực hiện đặt hàng dịch vụ giáo dục mầm non, phổ thông, đại học, nghề nghiệp được xác định như thế nào?",,
140,d4_s0168_N1_v1,How are childhood CNS germ cell tumors diagnosed?,Where do childhood CNS germ cell tumors most commonly form in the brain?,,
141,d1_s0262_P3_v3,wat lecture is quiz 2 in 1.051 at mit,At which lecture session is Quiz 2 given in MIT's 1.051 course?,,
142,d5_s0108_P3_v4,"Theo Điều 13, việc đánh giá kết quả rèn luyện của sinh viên được thực hiện theo quy định nào trong Thông tư?","Theo Dieu 13, danh gia kq ren luyen cua sv lam theo quy dinh j trong thong tu?",,
143,d3_s0014_P1_v1,"Who built Django, and when did they move from PHP to Python?","Who created Django, and when did they switch from PHP to Python?",,
144,d3_s0126_N2_v1,"Under what conditions does Django send an email about any HTTP error, not just 404s?",Under what conditions does Django send an email about a 404 error?,,
145,d5_s0270_N4_v3,"Điều kiện nào không bắt buộc đối với học sinh THPT lớp 10, 11 khi đăng ký học tích lũy tín chỉ giáo dục đại học?","Học sinh THPT lớp 10, 11 muốn đăng ký học tích lũy tín chỉ giáo dục đại học cần đáp ứng điều kiện gì?",,
146,d2_s0744_N3_v2,What new feature does the LexNET model add on top of standard lexico-syntactic pattern information for distinguishing antonyms and synonyms?,What new feature does the AntSynNET model add on top of standard lexico-syntactic pattern information for distinguishing antonyms and synonyms?,,
147,d3_s0361_N2_v1,What is the first step to take when contributing to Django according to the tutorial?,What is the first step to take when contributing documentation to Django according to the tutorial?,,
148,d3_s0518_N2_v2,"When was React 19.2 released, and which release in the past year is it?","When was React 19.2 released, and which release in React's entire history is it?",,
149,d2_s0700_P2_v1,"Compared to the baseline, the proposed architecture improved Chunking by how much?",By how much did the proposed architecture improve Chunking performance compared to the baseline?,,
150,d3_s0461_N1_v1,What is the purpose of the new Canary release channel React introduced?,How often are React's Canary releases published?,,
151,d3_s0040_P2_v1,"Who can create or comment on threads in the React 18 Working Group, and can the public still see the discussions?",Tell me who can create or comment on React 18 Working Group threads and whether the public can still see them.,,
152,d4_s0729_N6_v1,Who first described Still's disease and in what year?,Why is Still's disease named after George Still?,,
153,d3_s0798_N3_v2,Does changing a context value cause a React component to re-render?,Does changing a ref's value cause a React component to re-render?,,
154,d5_s0022_N4_v2,Nghị định 81/2021/NĐ-CP không áp dụng cho người học ở những cơ sở giáo dục nào?,Nghị định 81/2021/NĐ-CP áp dụng cho những đối tượng người học nào?,,
155,d5_s0116_N5_v1,Sinh viên bị kỷ luật hình thức khiển trách thì kết quả rèn luyện tối đa được xếp loại gì?,Sinh viên bị kỷ luật hình thức khiển trách thì kết quả rèn luyện tối thiểu được xếp loại gì?,,
156,d1_s0170_P1_v4,"What material does Lecture 20 present, and which homework has its deadline at that lecture?","What topic does Lecture 20 cover, and what homework is due at that lecture?",,
157,d1_s0150_N1_v1,Which week of 1.033 covers Thermoelasticity?,What readings are assigned for the Thermoelasticity week of 1.033?,,
158,d1_s0433_N6_v2,Which instructor supervised the preparers of MIT 10.37's assignment solutions?,Who prepared the assignment solutions for MIT's 10.37 course?,,
159,d2_s0339_N5_v1,What is the maximum number of relations available to learn on in this benchmark task?,"On which benchmark task is the system evaluated, and how many relations do the authors learn on?",,
160,d5_s0354_P3_v1,Phòng Giáo dục và Đào tạo làm gì để có kinh phí chuyển khoản hỗ trợ đóng học phí cho trường tiểu học tư thục?,phong giao duc va dao tao lam gi de co kinh phi chuyen khoan ho tro dong hoc phi cho truong tieu hoc tu thuc v?,,
161,d1_s0396_N3_v1,"At which lecture does Exam 1 take place in the Separation Processes course, and what is that lecture's topic?","At which lecture does Exam 2 take place in the Separation Processes course, and what is that lecture's topic?",,
162,d4_s0688_N6_v1,Why does abetalipoproteinemia cause failure to thrive in the first few months of life?,What symptoms of abetalipoproteinemia appear in the first few months of life?,,
163,d5_s0096_P2_v3,"Theo Điều 7, hệ giá trị cơ bản của công dân Việt Nam mà sinh viên cần hình thành và phát triển gồm những giá trị nào?","Hãy liệt kê hệ giá trị cơ bản của công dân Việt Nam nêu tại Điều 7 mà sinh viên cần hình thành, phát triển.",,
164,d3_s0357_P3_v2,Within how many days does Django's security team aim to resolve reported vulnerabilities?,django security team - resolve reported vulnerabilities in how many days??,,
165,d1_s0504_N6_v1,Why are 10.445 lectures scheduled as single 3-hour weekly sessions?,"How often do lectures meet in 10.445, and how long is each session?",,
166,d1_s0391_N1_v2,Where can students buy the required textbook for 10.32 Separation Processes?,"What is the required textbook for Separation Processes (10.32), and what is its ISBN?",,
167,d2_s0488_P2_v3,I want to know which model the paper offers as its solution to the alignment quality gap in attention-based NMT.,What model does this paper propose to close the alignment quality gap in attention-based NMT?,,
168,d5_s0264_N4_v2,Thông tư 18/2021/TT-BGDĐT và Thông tư 23/2021/TT-BGDĐT hết hiệu lực vào ngày nào?,Thông tư 18/2021/TT-BGDĐT và Thông tư 23/2021/TT-BGDĐT được ban hành vào ngày nào?,,
169,d5_s0310_N5_v2,Nghị định này áp dụng cho tất cả cấp học hay chỉ một số cấp học nhất định?,Nghị định này áp dụng cho những đối tượng nào?,,
170,d4_s0009_P2_v3,I would like to know what raises the risk of adult AML.,What are the possible risk factors for adult AML?,,
171,d3_s0081_N3_v1,"Which Django function does the WSGIAuthUserScript directive execute to check passwords, and where is it imported from?","Which Django function does the WSGIAuthGroupScript directive execute, and where is it imported from?",,
172,d1_s0020_N5_v1,In which semester and year was MIT's Uncertainty in Engineering course most recently taught?,In which semester and year was MIT's Uncertainty in Engineering course taught?,,
173,d2_s0216_P1_v3,"How many countries were used in the full classification experiment, and what was the size of the reduced subset?",Could you give the country count for the full classification run and the size of the reduced set?,,
174,d2_s0586_P2_v4,What three types of non-text information does UTCNN incorporate for stance classification?,I need the three non-text information types that UTCNN relies on for stance classification.,,
175,d4_s0688_P2_v1,What symptoms of abetalipoproteinemia appear in the first few months of life?,Abetalipoproteinemia presents with which symptoms in the first few months of life?,,
176,d5_s0343_P3_v4,"Trường hợp gia đình thuộc hộ cận nghèo thì trẻ em mẫu giáo, học sinh phổ thông được giảm bao nhiêu phần trăm học phí?","cho hoi tre em mau giao hoc sinh pt ho can ngheo giam hoc phi ntn, bao nhieu % z?",,
177,d4_s0607_P1_v1,"What does the CEA assay test for, and what does a high result indicate?","What does the CEA assay measure, and what does an elevated result suggest?",,
178,d2_s0251_N2_v2,What relation does the example sentence 'We poured the milk into the pumpkin mixture' express?,"What relation classes does the paper's task cover overall, beyond this one example sentence?",,
179,d1_s0163_N2_v2,What percentage of the final course grade does homework count for?,What percentage of the final course grade do homework and exams together count for?,,
180,d3_s0068_N4_v3,"Which companies is the React team working with to unify bundler support for React Server Components, and across which bundlers?",Which companies have stopped working with the React team on RSC bundler support?,,
181,d2_s0808_N3_v1,"On what dataset do end-to-end memory networks achieve state-of-the-art performance, and what other systems do they outperform?","On what dataset do HCNs achieve state-of-the-art performance, and what other systems do they outperform?",,
182,d4_s0126_P2_v3,How did anal cancer incidence and mortality trends differ between men and women from 2004 to 2013?,I would like a comparison of anal cancer incidence and death trends in men versus women over 2004 to 2013.,,
183,d4_s0581_N5_v3,Which of the inherited risk factors for parathyroid cancer is the rarest?,What two inherited disorders are risk factors for parathyroid cancer?,,
184,d2_s0463_N4_v2,How much better is the baseline models' correlation with human annotations compared to GraLap?,How much better is GraLap's correlation with human annotations compared to the baseline models?,,
185,d1_s0668_P2_v4,How many lecture sessions are in the 10.675J course calendar?,How many lecture sessions are scheduled by the course calendar for 10.675J?,,
186,d1_s0669_P1_v2,Which lectures are the due points for problem sets one through four in 10.675J?,At which lectures are problem sets 1 through 4 due in 10.675J?,,
187,d2_s0262_N1_v2,What knowledge sources does RAFAEL search to find its answers?,What does RAFAEL stand for and what language does it target?,,
188,d3_s0655_N6_v1,Why did React choose JSX instead of plain HTML strings for markup?,What is JSX and how does it compare to HTML?,,
189,d4_s0198_N3_v2,Which type of childhood liver cancer usually affects older children and adolescents and is more common in parts of Asia with high hepatitis rates?,Which type of childhood liver cancer usually affects older children and adolescents and is more common in parts of Asia with high HIV rates?,,
190,d4_s0247_N3_v2,What serious health problems can result when too many platelets clump together in essential thrombocythemia?,What serious health problems can result when too many white blood cells clump together in essential thrombocythemia?,,
191,d2_s0507_P1_v3,What types of emergency categories does Civique classify tweets into?,Civique places tweets into which types of emergency categories?,,
192,d2_s0174_N5_v1,What does the first letter of the acronym SERA stand for in this paper?,What does the acronym SERA stand for in this paper's proposed evaluation metric?,,
193,d5_s0216_N2_v2,Đào tạo theo niên chế trong năm học đầu tiên được tổ chức thế nào?,Đào tạo theo niên chế được định nghĩa như thế nào?,,
194,d3_s0133_N6_v1,How do you tell loaddata which format a fixture file is in?,In which file formats can Django fixtures be written?,,
195,d2_s0688_N1_v1,"Which model wins the comparison in the paper, and by how much?","Which two machine learning models are compared in the paper, and on what task?",,
196,d5_s0326_P1_v1,"Học phí tối đa năm học 2021-2022 của khối ngành Sức khỏe bậc cao đẳng, trung cấp ở trường nghề công lập chưa tự chủ chi thường xuyên là bao nhiêu?","Mức trần học phí năm học 2021-2022 đối với trình độ cao đẳng, trung cấp nhóm ngành Sức khỏe tại cơ sở giáo dục nghề nghiệp công lập chưa tự bảo đảm chi thường xuyên là bao nhiêu?",,
197,d1_s0632_P1_v4,"Together, what portion in percent of the 10.520 grade are Quiz 1 and Quiz 2 worth?",What percentage of the 10.520 grade comes from Quiz 1 and Quiz 2 combined?,,
198,d5_s0220_N2_v1,Liên kết đào tạo không được thực hiện đối với những ngành nào?,Liên kết đào tạo trình độ thạc sĩ không được thực hiện đối với những ngành nào?,,
199,d3_s0192_N5_v2,"What commands create and activate a virtual environment named 'project-name' on Windows, per the Django install guide?","Per the Django install guide, what is the last command to run to get 'project-name' active on Windows?",,
200,d4_s0415_N2_v2,Which organs in the body contain squamous cells?,What organs are examples of ones containing squamous cells where cancer can begin?,,
201,d2_s0188_N1_v1,How is the winning side of an Oxford-style IQ2 debate determined?,How many people typically vote in an Oxford-style IQ2 debate?,,
202,d1_s0465_P3_v2,10.40 chemical engineering thermodynamics lectures — how many times a week n how long each?,How often and for how long did lectures for 10.40 Chemical Engineering Thermodynamics meet each week?,,
203,d4_s0052_N4_v2,What cell type do some scientists believe gastrointestinal stromal tumors originate from?,Which cell type in the GI tract wall do GISTs spare rather than arise from?,,
204,d5_s0239_N3_v2,Dịch vụ đào tạo nhân lực y tế được thực hiện theo Nghị định nào?,Dịch vụ đào tạo giáo viên (sư phạm) được thực hiện theo Nghị định nào?,,
205,d4_s0005_P1_v4,Which four items shape the prognosis and the treatment options for adult ALL?,What four factors affect the prognosis and treatment options for adult ALL?,,
206,d4_s0663_N5_v2,What is the lowest serum ferritin level reported in aceruloplasminemia?,What lab findings are typical in a person with aceruloplasminemia?,,
207,d1_s0139_N6_v2,Does 1.010 Uncertainty in Engineering have to be finished before 18.03 for 1.022?,What prerequisites are required before registering for 1.022 Introduction to Network Models?,,
208,d4_s0501_N2_v1,What is inflammatory breast cancer?,What is breast cancer?,,
209,d4_s0082_N2_v2,What are the four subtypes of classical Hodgkin lymphoma?,What are the types of Hodgkin lymphoma overall?,,
210,d2_s0276_N5_v1,"How large are the training, development, and test sets for the entailment generation task derived from SNLI?",Which of the SNLI-derived entailment generation splits is the largest?,,
211,d3_s0454_P1_v4,"What agreed-upon convention marks client components, according to the React team and its partners?",What convention did the React team reach consensus on with partners for marking client components?,,
212,d4_s0435_N1_v1,Where are the four paranasal sinuses located?,What is the function of the four paranasal sinuses?,,
213,d5_s0136_P2_v1,Cho tôi biết các điều kiện để chấm dứt trước thời hạn kỷ luật khiển trách hoặc cảnh cáo của sinh viên.,Sinh viên bị kỷ luật khiển trách hoặc cảnh cáo có thể được chấm dứt kỷ luật trước thời hạn trong điều kiện nào?,,
214,d5_s0229_P2_v3,"Báo cáo quyết toán kinh phí cấp bù miễn, giảm học phí phải gửi cơ quan tài chính cùng cấp trước ngày nào hàng năm?","Hằng năm, việc gửi báo cáo quyết toán kinh phí cấp bù miễn, giảm học phí tới cơ quan tài chính cùng cấp phải hoàn thành trước ngày nào?",,
215,d1_s0593_N1_v2,What topics did 10.52 Mechanics of Fluids cover?,"In what term and department was 10.52 Mechanics of Fluids taught, and at what level?",,
216,d2_s0713_N4_v1,How many tweets were filtered out and not used in the experiments for this Twitter sentiment classification paper?,How many tweets were used in the experiments for this Twitter sentiment classification paper?,,
217,d5_s0105_P1_v2,"Sau Điều 11, Thông tư chuyển sang mục nào?",Điều 11 kết thúc thì Thông tư sang mục nào?,,
218,d2_s0077_N3_v2,"According to the paper, where are zeros and ones truly meaningful rather than just a representation, and whose work provided the foundation for this?","According to the paper, where are analog signals truly meaningful rather than just a representation, and whose work founded this?",,
219,d3_s0304_N3_v1,What are the three goals pursued by the volunteer team managing the Python Project?,What are the three goals pursued by the volunteer team managing the Django Project?,,
220,d1_s0163_N1_v1,How many homework assignments are there in the course?,What percentage of the final course grade does homework count for?,,
221,d4_s0059_N2_v1,"Among organ transplant recipients infected with HHV-8, who is most likely to develop Kaposi sarcoma?","Among people infected with HHV-8, who is most likely to develop Kaposi sarcoma?",,
222,d3_s0039_P3_v1,react 18 plan announcement — how many components at fb did concurrent features ship to?,"According to the React 18 plan announcement, how many components at Facebook had concurrent features successfully shipped to them?",,
223,d2_s0300_N5_v2,What corpus was used to train the PoS tagging models in this paper?,Which corpus in the training set was the smallest for the PoS tagging models?,,
224,d4_s0233_P1_v3,What is polycythemia vera?,What kind of condition is polycythemia vera?,,
225,d1_s0422_N5_v1,"Who taught MIT course 10.34, Numerical Methods Applied to Chemical Engineering, and in what term was it offered?","In which term was MIT course 10.34, Numerical Methods Applied to Chemical Engineering, first offered, and by whom?",,
226,d1_s0533_P1_v2,Who is the instructor for MIT's 10.490 Integrated Chemical Engineering I course?,Which faculty member leads 10.490 Integrated Chemical Engineering I at MIT?,,
227,d3_s0001_P2_v2,I enter a valid username and password on the Django admin login page but it just redisplays the login form with no error message. What's the likely cause and fix?,"When valid credentials are submitted on the Django admin login page and the form is redisplayed without an error, what is the cause and what is the fix?",,
228,d1_s0522_P2_v1,Tell me the term and the level for MIT's 10.467 Polymer Science Laboratory.,In which term and at what level was MIT's 10.467 Polymer Science Laboratory taught?,,
229,d1_s0700_N6_v1,Who teaches 11.001J Introduction to Urban Design and Development?,What are Prof. Susan Silberberg's office hours for 11.001J Introduction to Urban Design and Development?,,
230,d5_s0293_P1_v1,Sinh viên cần đăng ký chương trình thứ hai chậm nhất bao lâu trước khi xét tốt nghiệp chương trình đó?,Sinh viên phải đăng ký chương trình thứ hai muộn nhất bao lâu trước thời điểm xét tốt nghiệp chương trình đó?,,
231,d1_s0700_P2_v2,Who teaches 11.001J Introduction to Urban Design and Development?,Tell me the name of the person teaching 11.001J Introduction to Urban Design and Development.,,
232,d3_s0103_N3_v2,"Where inside a Django app should test fixtures be placed, and what extra file does that location need?","Where inside a Django app should custom template tags and filters be placed, and what extra file does that location need?",,
233,d1_s0362_N1_v2,What format does the oral final take in 10.01 Ethics for Engineers: AI?,How is the final grade broken down in the 10.01 Ethics for Engineers: AI course?,,
234,d5_s0246_P1_v3,"Trong trường hợp nào học sinh, sinh viên không phải nộp giấy tờ liên quan để hưởng chính sách miễn giảm học phí?","Học sinh, sinh viên không phải xuất trình giấy tờ liên quan khi hưởng miễn giảm học phí trong tình huống nào?",,
235,d5_s0127_P2_v4,"Đối với hình thức kỷ luật buộc thôi học, điều kiện áp dụng là những trường hợp nào?",Hình thức kỷ luật buộc thôi học được áp dụng trong trường hợp nào?,,
236,d2_s0020_P3_v1,"how many langs do opennlp and corenlp cover, and how many have enough labeled data for pos models?","How many languages do NLP toolboxes like OpenNLP and CoreNLP cover, and how many languages have enough labeled training data for POS models?",,
237,d5_s0031_P3_v3,Thủ trưởng cơ sở giáo dục có trách nhiệm gì đối với giá dịch vụ do đơn vị mình xác định?,thu truong csgd phai lam gi voi gia dich vu do don vi minh tu xac dinh the,,
238,d2_s0670_P1_v3,Which source did the authors use to construct the annotated dataset for this trolling work?,What is the source of the annotated dataset created for this trolling research?,,
239,d4_s0163_P1_v4,"What gene is pineoblastoma linked to, and what is trilateral retinoblastoma?","What inherited gene is linked with pineoblastoma, and what is meant by trilateral retinoblastoma?",,
240,d1_s0098_N5_v3,How many problem sets are listed in the 1.017 assignments page?,Which is the earliest problem set listed on the 1.017 assignments page?,,
241,d2_s0126_N2_v1,How did the authors validate the effectiveness of their approach?,How did the authors validate the keyword extraction component of their approach?,,
242,d2_s0239_N5_v1,What is the largest number of tweets annotated in any single round for the assertion classifier?,"How many tweets were manually annotated to train the assertion classifier, and how many of them contained assertions?",,
243,d3_s0243_N6_v1,Why does Django want people reviewing patches to try them on a database other than SQLite?,"What database advice does Django give to people reviewing patches, besides testing on SQLite?",,
244,d4_s0053_N6_v1,How does neurofibromatosis type 1 lead to gastrointestinal stromal tumors?,Which genetic syndromes have been linked to gastrointestinal stromal tumors?,,
245,d3_s0606_P3_v1,who presented the day 1 keynote at react conf 2024 (react 19 + react compiler)?,Who presented the Day 1 keynote at React Conf 2024 covering React 19 and the React Compiler?,,
246,d2_s0616_P2_v4,What limitation of prior knowledge base completion approaches motivated this paper's method?,Tell me which limitation in earlier knowledge base completion work led the authors to propose their method.,,
247,d4_s0528_N4_v1,"Can neuroblastoma occur without being inherited, and how does it differ then?","Can neuroblastoma be inherited, and how does it differ when it is?",,
248,d3_s0726_N6_v2,Why does JSX require quotes around static string attribute values?,How do you pass a static string attribute to a JSX element?,,
249,d5_s0119_N4_v1,Kỳ học nào không được tính vào điểm rèn luyện của năm học?,Điểm rèn luyện của năm học được tính như thế nào?,,
250,d4_s0478_N4_v2,How often are children younger than one year with a SMARCB1 gene change screened for rhabdoid tumor?,How often are children younger than one year without a SMARCB1 gene change screened for rhabdoid tumor?,,
251,d1_s0124_P3_v3,who tought 1.020 ecology II: engineering for sustainabilty,Who taught 1.020 Ecology II: Engineering for Sustainability?,,
252,d5_s0043_N2_v2,Mức trần giá dịch vụ của mọi chương trình đào tạo tại cơ sở GDNN công lập tự bảo đảm chi thường xuyên và chi đầu tư gấp bao nhiêu lần mức trần thông thường?,Cơ sở giáo dục nghề nghiệp công lập tự bảo đảm chi thường xuyên và chi đầu tư có chương trình chất lượng cao thì mức trần giá dịch vụ tối đa gấp bao nhiêu lần mức trần thông thường?,,
253,d4_s0222_N6_v2,Which organs make up the gastrointestinal tract according to the document?,Why does the document group these organs together as the gastrointestinal tract?,,
254,d2_s0622_N4_v3,How many encoders and decoders does the proposed unified multilingual NMT framework use to handle multiple languages?,Which components of the proposed unified multilingual NMT framework are not shared across languages?,,
255,d1_s0484_N5_v2,"According to the syllabus, which component contributes the smallest percentage to the final grade?","According to the syllabus, what percentages do Problem Sets and Class Participation contribute to the final grade?",,
256,d3_s0386_N5_v1,Which app listed in INSTALLED_APPS has its tables created first by that command?,"What command creates the database tables for the apps listed in INSTALLED_APPS, and what does it look at to do so?",,
257,d2_s0463_N5_v2,What is the largest gain GraLap shows over any single baseline in correlating with human annotations?,How much better is GraLap's correlation with human annotations compared to the baseline models?,,
258,d3_s0678_N3_v1,How many default exports and how many named exports can a single JavaScript file have?,How many default imports and how many named imports can a single JavaScript file have?,,
259,d3_s0004_P1_v2,What two ModelAdmin methods do I override so records are visible and editable solely by the user who created them?,Which two ModelAdmin methods restrict admin objects so they're only visible/editable by the users who created them?,,
260,d3_s0011_P3_v2,What happens to a Django contribution that the team decides isn't suitable for inclusion?,"if django devs say a contrib isnt suitable, wat happens to it",,
261,d4_s0598_P1_v4,How long is the colon?,How long does the colon run?,,
262,d3_s0518_N1_v1,What new features are included in React 19.2?,"When was React 19.2 released, and which release in the past year is it?",,
263,d3_s0045_N2_v2,"Was React Conf 2021 the first time the conference was hosted online, and how many languages was it translated into?","Was React Conf 2021 the first React event of any kind hosted online, and how many languages was it translated into?",,
264,d5_s0209_N4_v4,Nội dung nào không thuộc phạm vi điều chỉnh của Thông tư số 28/2023/TT-BGDĐT?,Thông tư số 28/2023/TT-BGDĐT được ban hành ngày nào và quy định về nội dung gì?,,
265,d2_s0186_N2_v2,"What time period do all Intelligence Squared debates worldwide cover, and how many are there?","What time period does the Intelligence Squared (IQ2) debate dataset cover, and how many debates does it contain?",,
266,d1_s0169_N4_v3,Which lectures have no homework distributed or due?,When is Homework 1 distributed and when is it due?,,
267,d3_s0500_N4_v2,Which form-related React 19 hook was not renamed at all?,"What is useActionState in React 19, and what was it previously called?",,
268,d1_s0517_P3_v4,WHAT TWO TEXTBOOKS used in 10.450 and who writed them,"What two textbooks are used in 10.450, and who wrote them?",,
269,d3_s0741_N1_v2,Does React batch state updates that happen across multiple separate click events?,How does React know that all event handlers have finished before it re-renders?,,
270,d1_s0308_P1_v3,What is the file size of the 2005 Final Exam PDF?,How big is the 2005 Final Exam PDF document?,,
271,d3_s0248_N5_v2,What is the last git remote a contributor adds when starting on Django from their fork?,What two git remotes does a contributor set up when starting to work on Django from their fork?,,
272,d4_s0767_P1_v1,What symptoms can occur in people with agenesis of the dorsal pancreas?,What signs and symptoms occur in agenesis of the dorsal pancreas?,,
273,d1_s0659_N1_v2,What is the prerequisite for 10.626 Electrochemical Energy Systems?,What are the learning objectives of 10.626 Electrochemical Energy Systems?,,
274,d4_s0442_N1_v2,What proportion of salivary gland tumors are benign?,How are salivary gland tumors treated?,,
275,d4_s0626_N4_v1,"What did a 10-year study find about folic acid supplements versus getting enough folate from diet, in relation to prostate cancer risk?","What did the 10-year study find about folic acid supplements versus lacking enough folate in the diet, in relation to prostate cancer risk?",,
276,d2_s0394_N5_v1,How much did the proposed dependency word pair reordering approach improve BLEU score on Chinese-to-English translation?,What was the smallest BLEU improvement the dependency word pair reordering approach achieved on Chinese-to-English translation?,,
277,d5_s0218_N4_v1,Hình thức đào tạo chính quy yêu cầu tỷ lệ giảng dạy trực tiếp tại cơ sở đào tạo tối thiểu là bao nhiêu?,Hình thức đào tạo chính quy yêu cầu tỷ lệ giảng dạy trực tuyến tại cơ sở đào tạo tối thiểu là bao nhiêu?,,
278,d1_s0535_N3_v1,"How many assignments are listed for 10.492, and what extra resource is provided alongside Assignment 2?","How many assignments are listed for 10.490, and what extra resource is provided alongside Assignment 2?",,
279,d2_s0001_N6_v2,What happens to performance when the three proposed regularization terms are removed?,What three regularization terms does the paper propose to make generalized expectation criteria more robust?,,
280,d2_s0602_N5_v2,What is the smallest embedding dimensionality tried for acoustic word embeddings here?,What is an acoustic word embedding?,,
281,d5_s0176_N3_v1,Cơ sở đào tạo phải tổ chức đánh giá luận án tiến sĩ trong thời gian tối đa bao lâu kể từ khi nộp dự thảo luận án?,Cơ sở đào tạo phải tổ chức đánh giá luận văn thạc sĩ trong thời gian tối đa bao lâu kể từ khi học viên nộp dự thảo luận văn?,,
282,d4_s0402_N2_v2,"What are the main parts of the throat, counting both pharynx and larynx?",What are the three main parts of the larynx?,,
283,d5_s0318_N5_v3,Mức giá cao nhất mà đơn vị được tự xác định cho dịch vụ giáo dục là bao nhiêu?,Thủ trưởng cơ sở giáo dục có trách nhiệm gì đối với các dịch vụ do đơn vị tự xác định mức giá?,,
284,d2_s0513_N2_v2,"In the WMT16 test set example sentence, which words besides 'goalie' were translated incorrectly?","In the WMT16 test set example, what German word did the NMT system incorrectly produce for the English word 'goalie', and what should it have been?",,
285,d2_s0246_N6_v1,What is the relationship between the Flickr8K and Flickr30K datasets?,Why was Flickr8K created out of the Flickr30K images?,,
286,d5_s0153_P1_v1,Quy chế tuyển sinh và đào tạo sau đại học ban hành kèm Thông tư 53/2026/TT-BGDĐT không áp dụng cho đối tượng nào?,Đối tượng nào không thuộc phạm vi áp dụng của Quy chế tuyển sinh và đào tạo sau đại học kèm Thông tư 53/2026/TT-BGDĐT?,,
287,d1_s0411_N1_v2,"How many points is Homework 0 worth in 10.34, and what topic does it cover?",How should Homework 0 be submitted in 10.34?,,
288,d4_s0774_P1_v1,Which hormones does the body become resistant to in Albright's hereditary osteodystrophy?,"In Albright hereditary osteodystrophy, which hormones does the body stop responding to?",,
289,d5_s0035_P2_v3,Khung học phí nào được áp dụng cho mầm non công lập chưa tự bảo đảm chi thường xuyên khu vực nông thôn trong năm học 2022-2023?,Khung học phí năm học 2022-2023 đối với giáo dục mầm non công lập chưa tự bảo đảm chi thường xuyên ở khu vực nông thôn là bao nhiêu?,,
290,d3_s0120_N3_v1,What socket address does the example uWSGI startup command bind to?,What socket address does the example Gunicorn startup command bind to?,,
291,d1_s0444_N2_v2,"What are the required textbooks across all of MIT's Chemical Engineering core courses, with editions and ISBNs?","What is the required textbook for MIT's 10.37 course, with edition and ISBN?",,
292,d5_s0227_N3_v1,"Kể từ ngày Nghị định có hiệu lực, các thủ tục hành chính yêu cầu giấy xác nhận tình trạng hôn nhân được xử lý thay thế như thế nào?","Kể từ ngày Nghị định có hiệu lực, các thủ tục hành chính yêu cầu sổ hộ khẩu, sổ tạm trú giấy được xử lý thay thế như thế nào?",,
293,d4_s0620_P3_v4,range of gleason score + meaning of low score pls,"What range does the Gleason score cover, and what does a lower score mean?",,
294,d1_s0411_N5_v1,What is the minimum number of points Homework 0 can earn in 10.34?,"How many points is Homework 0 worth in 10.34, and what topic does it cover?",,
295,d4_s0407_N2_v2,What parts of the mouth make up the oral cavity?,What parts make up the whole oral and pharyngeal region?,,
296,d2_s0635_N2_v2,What topics and time periods do all the datasets used in this study cover?,What topic and time period does the tweet dataset used in this study cover?,,
297,d5_s0126_N1_v1,Thời hạn đình chỉ học tập tối đa đối với sinh viên bị kỷ luật là bao lâu?,Thẩm quyền quyết định đình chỉ học tập đối với sinh viên bị kỷ luật thuộc về ai?,,
298,d1_s0391_P2_v2,"What is the required textbook for Separation Processes (10.32), and what is its ISBN?",Tell me which textbook is required in Separation Processes (10.32) and give the ISBN.,,
299,d2_s0425_P2_v2,Which term of the European Parliament does this study on cohesion and coalitions cover?,The study on cohesion and coalitions covers the European Parliament during which term?,,
300,d1_s0042_N3_v1,What is the title of Assignment 2 in 1.011 Project Evaluation?,What is the title of Assignment 3 in 1.011 Project Evaluation?,,
301,d4_s0002_P1_v3,Which two exposures may make adult ALL more likely?,What two things may increase the risk of developing adult ALL?,,
302,d4_s0483_N3_v1,What is the most common type of ovarian cancer and where does it begin?,What is the most common type of breast cancer and where does it begin?,,
303,d2_s0604_N6_v1,How did Maas et al. use CNN-based acoustic word embeddings in speech recognition?,Why did Maas et al. choose a segmental conditional random field for their rescoring system?,,
304,d3_s0090_N2_v2,What kind of Apache component is mod_wsgi?,What kinds of components can Apache be extended with?,,
305,d2_s0182_N2_v1,"What accuracy did the model achieve on SimpleQuestions questions with multiple relations, in the Freebase2M and Freebase5M settings?",What accuracies did the model achieve in the Freebase2M and Freebase5M settings on SimpleQuestions?,,
306,d1_s0397_P1_v3,What topic is covered in the lecture where Exam 2 occurs?,What material is covered in the lecture on the day of Exam 2?,,
307,d1_s0467_N5_v1,"What textbook was required for 10.40, and who wrote it?",What is the most recent edition of the textbook required for 10.40?,,
308,d3_s0255_P2_v4,What are the four roles in Django's ticket triage workflow?,I need the names of the four roles used in Django's ticket triage workflow.,,
309,d4_s0022_N1_v2,What are the three phases of chronic myelogenous leukemia?,How do doctors determine which phase of chronic myelogenous leukemia a patient is in?,,
310,d2_s0126_P1_v2,What did the authors do to verify the effectiveness of their method?,How did the authors validate the effectiveness of their approach?,,
311,d5_s0337_N5_v2,Cơ sở giáo dục phải công khai mức thu học phí cho tối thiểu bao nhiêu năm học?,Cơ sở giáo dục phải công khai điều gì trước khi tuyển sinh hoặc xét tuyển?,,
312,d2_s0084_N3_v2,"How was the RUSSE Human-Judgements (HJ) dataset constructed, and how many word pairs does it contain?","How was the SimLex-999 dataset constructed, and how many word pairs does it contain?",,
313,d5_s0345_P2_v2,"Hiệu trưởng trường mầm non, tiểu học, THCS có bao nhiêu ngày làm việc để xét duyệt hồ sơ miễn giảm học phí kể từ khi nhận đơn?","Hồ sơ miễn giảm học phí được hiệu trưởng trường mầm non, tiểu học, THCS xét duyệt trong thời hạn bao nhiêu ngày làm việc kể từ khi đơn được nhận?",,
314,d4_s0573_N4_v4,How does lung cancer rank among cancers in the United States in terms of death and frequency?,Which cancers in the United States are not the leading cause of cancer death?,,
315,d4_s0065_N1_v1,What is a common sign of childhood rhabdomyosarcoma?,How is childhood rhabdomyosarcoma treated?,,
316,d1_s0563_N1_v2,How many problem sets are assigned in 10.491 Integrated Chemical Engineering II?,How much are problem sets worth in 10.491 Integrated Chemical Engineering II?,,
317,d4_s0155_P2_v4,"What are the two types of childhood brain stem glioma, and how do their growth patterns and prognoses differ?",Explain the differences in growth and prognosis between the two forms of brain stem glioma found in children.,,
318,d4_s0069_P3_v2,childhood soft tisue sarcoma - usual tumor location??,Where do soft tissue sarcoma tumors most often form in children?,,
319,d3_s0033_N4_v4,"What happens if REMOTE_USER is not set when only RemoteUserBackend is configured, and how can this be fixed?",How do you stop Django from falling back to ModelBackend when REMOTE_USER is missing?,,
320,d2_s0709_P2_v4,What algorithm is used to obtain the final clusters after learning deep feature representations in STC^2?,The learned deep representations in STC^2 are turned into final clusters by what algorithm?,,
321,d5_s0327_N5_v2,Cơ sở giáo dục nghề nghiệp công lập tự bảo đảm chi thường xuyên phải thu học phí ít nhất bằng bao nhiêu lần mức tại điểm a khoản 2 Điều 10?,"Đối với cơ sở giáo dục nghề nghiệp công lập tự bảo đảm chi thường xuyên, mức học phí tối đa được thu gấp bao nhiêu lần mức trần quy định tại điểm a khoản 2 Điều 10?",,
322,d5_s0294_P3_v1,"Trong hợp tác đào tạo, cơ sở phối hợp có được tham gia tổ chức giảng dạy để cấp văn bằng không?",trong hop tac dao tao co so phoi hop co dc tham gia to chuc giang day de cap van bang ko v?,,
323,d2_s0476_N5_v1,"How many biomedical and clinical concepts does the UMLS Metathesaurus contain, and from how many terminologies were they integrated?",At most how many terminologies were integrated into the UMLS Metathesaurus?,,
324,d2_s0170_P3_v4,attsum exmple: cluster d360f duc 2005 -> which query,"In the AttSum paper's example, what query is associated with the document cluster ""d360f"" in DUC 2005?",,
325,d2_s0808_N5_v1,"On what dataset do HCNs achieve state-of-the-art performance, and what other systems do they outperform?",On which dataset do HCNs achieve their lowest performance?,,
326,d5_s0232_N1_v2,Ai có quyền trình Hội đồng nhân dân cấp tỉnh phê duyệt mức trần giá dịch vụ giáo dục ở địa bàn có khả năng xã hội hóa cao?,"Hội đồng nhân dân cấp tỉnh phê duyệt mức trần giá dịch vụ giáo dục theo trình tự, thời hạn nào?",,
327,d5_s0028_N3_v1,"Ai có thẩm quyền quyết định khung hoặc mức học phí giáo dục mầm non, giáo dục phổ thông công lập?",Ai có thẩm quyền quyết định khung hoặc mức học phí giáo dục đại học công lập?,,
328,d4_s0534_N1_v1,"At what age does neuroblastoma most often begin, and how common is it among infant cancers?",How is neuroblastoma in young children treated?,,
329,d2_s0301_N3_v2,"Which type of model performs better on morphologically rich languages, feature-based or transformer-based?","Which type of model performs better on morphologically rich languages, feature-based or neural-based?",,
330,d1_s0688_N6_v2,What topic is covered in Session 9 of the 10.805J calendar?,Who leads the discussion in Session 9 of the 10.805J calendar?,,
331,d3_s0348_N6_v2,What has to happen before Django increments the A part of its version number?,"In Django's version numbering scheme A.B.C, what do the A.B and C parts each represent?",,
332,d4_s0554_N3_v1,What are the two most common types of skin cancer and what are they collectively called?,What are the two most common types of lung cancer and what are they collectively called?,,
333,d1_s0295_P1_v1,"How many homework problem sets did MIT's 1.060 Engineering Mechanics II course include, and did they come with solutions?","How many problem sets were assigned in MIT's 1.060 Engineering Mechanics II course, and were solutions provided?",,
334,d3_s0169_P2_v3,The example overrides templates from the project's templates directory — what DIRS setting makes that work?,What DIRS setting is used to override templates from the project's templates directory in the example?,,
335,d2_s0750_N4_v3,"What average Pearson correlation coefficient did the study achieve between predicted and observed demographic attributes using Yahoo! Answers text, and how did it compare to Twitter-based predictions?",What average Pearson correlation was obtained when Yahoo! Answers text features were removed from the model?,,
336,d2_s0518_N4_v1,How unequally is the SemEval-2010 dataset distributed across training and test sets?,How is the SemEval-2010 dataset split into training and test sets?,,
337,d4_s0266_N2_v2,What symptoms are associated with MDS/MPN neoplasms overall?,What symptoms are associated with CMML?,,
338,d2_s0147_P3_v3,num of multiplicative gates in lstm unit?,How many multiplicative gates does an LSTM unit contain?,,
339,d4_s0459_N6_v2,"Where does a gastrinoma usually form, and is it typically benign or malignant?",How is a malignant gastrinoma of the pancreatic head treated?,,
340,d2_s0395_N1_v2,What do the dependency word pair sparse features in this MT reordering approach actually capture?,How are the dependency word pair sparse features weighted during tuning in this approach?,,
341,d2_s0383_N3_v1,How does the classification accuracy from the best generative model's dataset compare to that of the original SNLI dataset?,How does the classification accuracy from the best generative model's dataset compare to that of the original MultiNLI dataset?,,
342,d3_s0026_N5_v2,What is the shortest 'time' value among the SQL queries Django recorded?,"How can I see the raw SQL queries Django is running, and what information does each entry contain?",,
343,d1_s0711_N1_v1,What are the two options for Assignment 4 in Methods of Policy Analysis?,Can a student get credit for completing both options of Assignment 4 in Methods of Policy Analysis?,,
344,d4_s0430_P1_v3,What is the most common type of oropharyngeal cancer?,Which kind of cancer of the oropharynx is seen most often?,,
345,d5_s0283_N2_v1,"Theo niên chế, sinh viên năm cuối bị buộc thôi học khi điểm trung bình chung tích lũy dưới bao nhiêu sau 3 năm học?","Theo niên chế, sinh viên bị buộc thôi học khi điểm trung bình chung tích lũy dưới bao nhiêu sau 3 năm học?",,
346,d3_s0079_N4_v2,What attribute must a custom Django user model support to use the default mod_wsgi authentication handler?,What attribute must a custom Django user model support to use a non-default mod_wsgi authentication handler?,,
347,d3_s0423_N2_v2,How has Django Debug Toolbar ranked in the Django Developers Survey in recent years?,How did Django Debug Toolbar rank in the 2023 Django Developers Survey specifically?,,
348,d1_s0289_N3_v2,Who served as the student assistant for MIT's 1.054 course in Spring 2004?,Who served as the student assistant for MIT's 1.054 course in Spring 2005?,,
349,d4_s0257_N1_v1,What are myelodysplastic/myeloproliferative neoplasms?,How are myelodysplastic/myeloproliferative neoplasms treated?,,
350,d1_s0463_N3_v1,Who were the instructors for the Fall 2003 offering of 10.40 Chemical Engineering Thermodynamics?,Who were the instructors for the Fall 2003 offering of 10.37 Chemical and Biological Reaction Engineering?,,
351,d2_s0087_N5_v1,What is MGNC-CNN and how does it process multiple word embedding sets?,What is the maximum number of word embedding sets MGNC-CNN can combine?,,
352,d4_s0560_P1_v1,"What is the number of lobes in each lung, left and right?",How many lobes do the left and right lungs each have?,,
353,d2_s0009_N6_v1,What learning principle underlies the grammar induction method in this paper?,Why does the grammar induction method in this paper start with simple sentences?,,
354,d3_s0476_N5_v1,What npm command installs the earliest React 19 release along with React DOM?,What npm command installs React 19 and React DOM 19?,,
355,d3_s0769_P2_v2,What two use cases does React Compiler's automatic memoization primarily focus on?,The automatic memoization in React Compiler is primarily focused on which two use cases?,,
356,d1_s0330_N5_v1,What is the shortest scheduled session in 1.061 each week?,"How many lecture sessions per week does 1.061 have, and how long is each session?",,
357,d1_s0473_P1_v1,"Which textbook is mandatory for 10.442 Biochemical Engineering, and what ISBN does it have?","What is the required textbook for 10.442 Biochemical Engineering, and what is its ISBN?",,
358,d3_s0131_P3_v4,"hey django has 2 ways to seed initial data right, what r they",What two methods does Django support for providing initial data to prepopulate a database?,,
359,d5_s0008_N5_v2,Cấp học thấp nhất phải đóng học phí ở trường công lập là cấp nào?,Học sinh tiểu học trường công lập có phải đóng học phí không?,,
360,d4_s0612_N5_v2,What is the smallest risk increase reported from a first-degree relative with colorectal cancer?,How much does having a first-degree relative with colorectal cancer raise a person's risk?,,
361,d1_s0729_N4_v4,"How many lecture sessions per week does 11.001J have, and how long is each session?",How many 11.001J lecture sessions are cancelled during the term?,,
362,d5_s0072_N6_v2,"Nguồn kinh phí thực hiện chế độ miễn, giảm học phí được bố trí từ đâu?","Kinh phí thực hiện chế độ miễn, giảm học phí chưa sử dụng hết được xử lý thế nào?",,
363,d1_s0426_N5_v1,How is the final grade determined in MIT's 10.34 course?,Which component carries the largest weight in the final grade of MIT's 10.34 course?,,
364,d5_s0234_N6_v1,Các địa phương khó khăn phải làm thủ tục gì để nhận hỗ trợ học phí từ ngân sách trung ương?,Ngân sách trung ương hỗ trợ đối tượng nào để thực hiện chính sách an sinh xã hội liên quan đến học phí?,,
365,d2_s0295_P2_v1,Describe the performance of the Edinburgh WMT16 systems in the human evaluation.,How did the Edinburgh WMT16 systems perform in the human evaluation?,,
366,d4_s0217_P3_v1,How is malignant fibrous histiocytoma (MFH) of bone related to osteosarcoma treatment?,how is MFH of bone related to osteosarcoma treatment?,,
367,d4_s0515_N4_v1,How does melanoma's tendency to spread compare with that of nonmelanoma skin cancers?,"Which is less likely to invade nearby tissues, melanoma or nonmelanoma skin cancer?",,
368,d2_s0788_P1_v2,On which dataset did the system achieve a state-of-the-art BLEU score of 25.62?,On what corpus did the model obtain a record BLEU score of 25.62?,,
369,d4_s0041_N4_v1,How long does TMD usually take to develop in newborns with Down syndrome?,How long does transient myeloproliferative disorder (TMD) usually take to resolve in newborns with Down syndrome?,,
370,d5_s0018_N3_v1,"Ai có thẩm quyền quyết định không thu các khoản dịch vụ hỗ trợ hoạt động giáo dục khi xảy ra thiên tai, dịch bệnh tại địa phương?","Ai có thẩm quyền quyết định không thu học phí khi xảy ra thiên tai, dịch bệnh tại địa phương?",,
371,d2_s0312_N6_v1,What dataset was used to evaluate the proposed spectral decomposition dialog state tracking method?,Why was this dataset chosen to evaluate the proposed spectral decomposition dialog state tracking method?,,
372,d2_s0088_N2_v2,What dimensionality requirement does MVCNN impose on input word embeddings that MGNC-CNN avoids?,What architectural requirements does MVCNN impose on its inputs overall that MGNC-CNN avoids?,,
373,d2_s0628_P1_v1,What normalization constraint does TransE impose on entity embeddings h and t?,Which normalization requirement does TransE place on the entity embeddings h and t?,,
374,d5_s0277_N2_v2,Phương thức đào tạo từ xa không được áp dụng cho những học phần nào ở tất cả các lĩnh vực đào tạo?,Phương thức đào tạo từ xa không được áp dụng cho những học phần nào thuộc lĩnh vực sức khỏe?,,
375,d3_s0823_N2_v1,"In tasksReducer, what does the 'changed' case return?","What three action types does the tasksReducer function handle, and what happens for an unrecognized action type?",,
376,d2_s0127_N6_v1,Why does the paper cite the 2014 Eurobarometer survey on Europeans using the Internet to search for health-related information?,"According to the 2014 Eurobarometer survey cited in the paper, what proportion of European respondents had used the Internet to search for health-related information?",,
377,d5_s0083_P2_v3,"Tôi cần nắm nội dung được Thông tư 40/2026/TT-BGDĐT quy định, đó là gì?",Thông tư 40/2026/TT-BGDĐT quy định về nội dung gì?,,
378,d3_s0005_N2_v1,Why might a ManyToManyField with a custom through model not appear as a filter in list_filter?,Why might a ManyToManyField not appear as a filter in list_filter?,,
379,d4_s0701_N1_v2,What is the chance that a person with achondroplasia will pass the mutated gene to their child in any given pregnancy?,Which gene mutation causes achondroplasia?,,
380,d1_s0700_N5_v2,Who teaches 11.001J Introduction to Urban Design and Development?,Who most recently taught 11.001J Introduction to Urban Design and Development before this offering?,,
381,d4_s0478_P3_v4,smarcb1 kids under one yr - screening how often for rhabdoid tumor thx,How often are children younger than one year with a SMARCB1 gene change screened for rhabdoid tumor?,,
382,d4_s0251_P1_v3,What is chronic eosinophilic leukemia?,What kind of disease is chronic eosinophilic leukemia?,,
383,d3_s0680_N5_v4,"If a component is exported with `export function Button() {}`, what is the correct way to import it?",At least how many named exports must a file have before curly-brace imports are needed?,,
384,d5_s0336_P1_v1,Sinh viên học chuyên ngành nào được miễn học phí theo quy định tại Điều 15?,"Theo Điều 15, sinh viên theo học chuyên ngành nào thì không phải đóng học phí?",,
385,d5_s0346_N4_v4,"Từ thời điểm nào đối tượng tại khoản 5, khoản 6 Điều 15 Nghị định phải nộp thêm giấy tờ chứng minh ngoài giấy khai sinh?","Từ thời điểm nào đối tượng tại khoản 5, khoản 6 Điều 15 Nghị định chỉ cần nộp giấy khai sinh mà không cần các giấy tờ chứng minh khác?",,
386,d1_s0722_N4_v3,Which guest speakers appear in Session 6 on Identities in Development?,Which guest speakers are absent from Session 6 on Identities in Development?,,
387,d2_s0146_N2_v2,"Do the other systems compared in the paper, besides the RNN encoder, rely on linguistic processing tools?",Does the RNN encoder approach rely on linguistic processing tools?,,
388,d4_s0134_N5_v2,What functions does the cerebrum control?,What is the single main function of the cerebrum?,,
389,d1_s0201_N5_v2,"What is Assignment 1 in the Spring 2009 Project Management course, what is its word limit, and when is it due?","At the earliest, at which lecture can Assignment 1 be submitted in the Spring 2009 Project Management course?",,
390,d3_s0225_P2_v2,Why do Django mergers force-push to a pull request's branch after rebasing but before merging to upstream?,"Django mergers rebase, then force-push to the pull request's branch, then merge to upstream — what's the point of that force push?",,
391,d3_s0023_P3_v2,how ofen do django ship a full stable relase?,How often does the Django project publish a full stable release?,,
392,d1_s0543_N3_v1,How many lectures make up this MIT chemical engineering course's schedule?,How many recitations make up this MIT chemical engineering course's schedule?,,
393,d2_s0093_N2_v2,"What does MaLOPa stand for, and what is the core idea behind its target-language adaptation step?","What does the acronym MaLOPa stand for, and what is the core idea behind it?",,
394,d5_s0264_P2_v4,Tra giúp tôi thời điểm ban hành của Thông tư 18/2021/TT-BGDĐT cũng như Thông tư 23/2021/TT-BGDĐT.,Thông tư 18/2021/TT-BGDĐT và Thông tư 23/2021/TT-BGDĐT được ban hành vào ngày nào?,,
395,d2_s0057_P1_v4,"Per the paper, what is the difference between 'very short' and 'short' in how many objects each applies to?","According to the paper, how does 'very short' compare to 'short' in terms of the objects it applies to?",,
396,d3_s0193_N6_v1,What do you do if django-admin isn't recognized as a command on Windows?,How do you install Django on Windows and verify the installation succeeded?,,
397,d2_s0536_N1_v1,"How many dyads participated in the reciprocal peer tutoring data collection, and what was their composition?",How long did each reciprocal peer tutoring session last?,,
398,d1_s0098_N2_v1,How many problem sets on the 1.017 assignments page require MATLAB?,How many problem sets are listed in the 1.017 assignments page?,,
399,d1_s0168_P1_v4,"When is the midterm exam held in Introduction to Network Models, and what else happens that lecture?","In which lecture is the midterm of Introduction to Network Models scheduled, and what else happens there?",,
400,d3_s0117_N1_v1,How do I serve a Django project with uWSGI once it's installed?,How do I install uWSGI using pip?,,
401,d1_s0612_P1_v3,When is Problem Set 1 assigned and when is it due in the 10.571J lecture schedule?,When does Problem Set 1 get assigned and when is its deadline in the 10.571J lecture schedule?,,
402,d2_s0457_N6_v1,Why did the best-performing racism detection model score so low on the racist class?,What F-score did the best-performing racism detection model achieve for the racist class?,,
403,d1_s0115_N1_v2,"How many exams does the 1.018J Ecology I course have, and what resources are provided for each?",When are the exams scheduled in the 1.018J Ecology I course?,,
404,d1_s0208_P2_v4,"Assignment 3 requires a case selection — when must it be turned in, and who speaks as guest that day?","When is the case selection for Assignment 3 due, and who gives a guest lecture that day?",,
405,d5_s0320_N3_v2,"Đối với đào tạo đại học tại cơ sở giáo dục dân lập, tư thục, tỷ lệ tăng học phí hàng năm tối đa là bao nhiêu?","Đối với đào tạo đại học tại cơ sở giáo dục công lập, tỷ lệ tăng học phí hàng năm tối đa là bao nhiêu?",,
406,d1_s0273_N6_v1,What does Homework 2 in 1.054 focus on?,What software is needed for the creep strain calculation in 1.054's Homework 2?,,
407,d5_s0007_N2_v2,"Năm học 2025-2026, mức trần học phí nhóm ngành Kỹ thuật và công nghệ thông tin tại cơ sở GDNN công lập chưa tự bảo đảm chi thường xuyên là bao nhiêu?","Năm học 2025-2026, mức trần học phí của tất cả các nhóm ngành tại cơ sở GDNN công lập chưa tự bảo đảm chi thường xuyên là bao nhiêu?",,
408,d2_s0542_N2_v1,How many people and how many gangs are estimated to be active in the United States?,How many people and how many gangs are estimated to be active in Chicago?,,
409,d5_s0203_N1_v2,"Nếu luận án không được Hội đồng thông qua lần đầu nhưng được kiến nghị đánh giá lại, việc đánh giá lại phải tổ chức trong thời hạn nào và thành phần Hội đồng lần hai bị giới hạn ra sao?",Nghiên cứu sinh phải chỉnh sửa luận án theo yêu cầu của Hội đồng trong thời hạn nào?,,
410,d5_s0262_N1_v2,Ai chịu trách nhiệm hướng dẫn thi hành Quy chế ban hành kèm theo Thông tư 53/2026/TT-BGDĐT?,Quy chế ban hành kèm theo Thông tư 53/2026/TT-BGDĐT được áp dụng cho các khóa tuyển sinh và tổ chức đào tạo từ ngày nào?,,
411,d4_s0804_N5_v4,Do at most half of ATRX syndrome patients have cryptorchidism?,"What percentage of people with ATRX syndrome have cognitive impairment, cryptorchidism, and microcephaly?",,
412,d1_s0349_N6_v2,"How many extra hours per week must 6.9041 (12-unit) students spend on their project, and how long is the final paper?",How should the 6.9041 (12-unit) final paper be formatted and cited?,,
413,d2_s0245_N5_v2,"According to Hodosh et al. (2013), what do at least some crowdsourced Flickr30K descriptions focus on beyond image content?","According to Hodosh et al. (2013), what do the crowdsourced descriptions in datasets like Flickr30K supposedly focus on?",,
414,d1_s0466_P2_v3,10.40 Chemical Engineering Thermodynamics — what coursework was required beforehand?,What courses were prerequisites for 10.40 Chemical Engineering Thermodynamics?,,
415,d4_s0586_N1_v1,"Besides HPV infection, what other risk factors are associated with penile cancer?",What are the signs and symptoms of penile cancer?,,
416,d1_s0614_N3_v2,When is the take-home exam handed out and when is it due in 10.571J?,When are the problem sets handed out and when are they due in 10.571J?,,
417,d3_s0356_N6_v1,How quickly should someone reporting a Django security issue expect an initial acknowledgment?,What does the Django security team do after acknowledging a reported issue?,,
418,d4_s0175_P3_v3,What is the typical physical composition of a craniopharyngioma tumor?,whats the typical make up of craniopharingioma tumor,,
419,d3_s0356_P2_v4,"For someone reporting a Django security issue, what is the promised time to first acknowledgment?",How quickly should someone reporting a Django security issue expect an initial acknowledgment?,,
420,d5_s0319_N4_v3,"Phương pháp định giá dịch vụ giáo dục, đào tạo được xác định theo những văn bản pháp luật nào?","Việc định giá dịch vụ giáo dục, đào tạo không phải tuân theo Luật Giá, đúng không?",,
421,d2_s0623_N4_v1,Who first removed the attention mechanism described in this paper's NMT background from the architecture?,"Who first introduced the attention mechanism described in this paper's NMT background, and where was it placed in the architecture?",,
422,d5_s0074_P2_v1,"Dựa trên căn cứ nào mà đơn giá tối đa thực hiện đặt hàng dịch vụ giáo dục mầm non, phổ thông, đại học, nghề nghiệp được xác định?","Đơn giá tối đa thực hiện đặt hàng dịch vụ giáo dục mầm non, phổ thông, đại học, nghề nghiệp được xác định dựa trên căn cứ nào?",,
423,d3_s0566_N4_v4,"When did the React Foundation shut down, and under which organization?","When did the React Foundation officially launch, and under which organization?",,
424,d3_s0495_N3_v1,"Which React versions does React Refresh officially support, and what package enables older versions?","Which React versions does React Compiler officially support, and what package enables older versions?",,
425,d2_s0347_P2_v1,Explain the change in the linear classifier's training complexity brought about by hierarchical softmax.,How does hierarchical softmax change the computational complexity of computing the linear classifier during training?,,
426,d3_s0685_P1_v1,What is the initial value of serverUrl in the ChatRoom Effect example?,"In the ChatRoom Effect example, what value does serverUrl start out as?",,
427,d1_s0062_P1_v3,"What wording is matched to ""Game Changer"" in the list of 1.011 course keywords?","What phrase is paired with ""Game Changer"" in the 1.011 course keyword list?",,
428,d2_s0802_N5_v3,Which version of the TWNERTC dataset was constructed first?,How many different versions of the TWNERTC dataset were constructed?,,
429,d5_s0048_P2_v1,Cho tôi biết tên người ký ban hành Nghị định 81/2021/NĐ-CP thay mặt Chính phủ.,Ai đã ký ban hành Nghị định 81/2021/NĐ-CP thay mặt Chính phủ?,,
430,d4_s0401_N6_v2,How does laryngeal cancer affect the vocal cords in the larynx?,What is laryngeal cancer and where is the larynx located?,,
431,d4_s0701_N1_v1,What health problems does achondroplasia cause in children?,What is the chance that a person with achondroplasia will pass the mutated gene to their child in any given pregnancy?,,
432,d2_s0395_P2_v4,What do the dependency word pair sparse features in this MT reordering approach actually capture?,"In this MT reordering approach, what gets captured by the dependency word pair sparse features?",,
433,d1_s0285_N2_v2,"How many assessments of any kind, quizzes included, does MIT's 1.054 list?","How many exams are listed on the exams page for MIT's 1.054 course, and in what format are they provided?",,
434,d1_s0196_N5_v4,"Into how many major sections is the 1.040 course material divided, and what are they?",Which major section of the 1.040 course material is the shortest?,,
435,d3_s0098_N2_v1,When does the Django template postmortem debug page appear for a custom template backend?,When does the Django template postmortem debug page appear?,,
436,d3_s0006_P2_v1,Why might a database record not appear in the Django admin changelist even though it exists?,Explain why a record that exists in the database can be absent from the Django admin changelist.,,
437,d1_s0568_N2_v2,How large are the project teams across all Course 10 design subjects?,"How large are the design project teams in 10.491, and how long is each team's presentation?",,
438,d3_s0342_N1_v1,What command checks whether Django is installed and displays its version?,How do I install Django with pip?,,
439,d2_s0359_P2_v2,Which two prior embedding models does STransE combine?,STransE is a combination of two prior embedding models — which are they?,,
440,d1_s0137_N6_v1,How many practice exams with solutions does the course offer?,Are the solutions to the two practice exams graded?,,
441,d2_s0299_P2_v2,How many languages' datasets were used to compare the four PoS tagging systems in this study?,"In this study, datasets from how many languages were used to compare the four PoS tagging systems?",,
442,d1_s0636_N5_v2,"What textbook is used in MIT's 10.569 Synthesis of Polymers course, and who wrote it?",When was the first edition of Principles of Polymerization published?,,
443,d3_s0105_P1_v1,What requirement must be met before {% load %} can pull in an app's custom template tags?,What condition must be satisfied for the {% load %} tag to be able to load an app's custom template tags?,,
444,d2_s0209_N6_v1,Why were diagram questions removed from the NY Regents set used for TableILP?,What dataset of science questions was used to evaluate TableILP?,,
445,d1_s0036_N3_v1,What background knowledge is assumed for students taking 1.010 Uncertainty in Engineering?,What background knowledge is assumed for students taking 1.00 Introduction to Computers and Engineering?,,
446,d5_s0103_P1_v3,Nhà trường dùng những cách nào để hỗ trợ sinh viên hoàn cảnh khó khăn theo điểm d khoản 5 Điều 10?,"Theo Điều 10 khoản 5 điểm d, nhà trường hỗ trợ sinh viên có hoàn cảnh khó khăn bằng những biện pháp nào?",,
447,d5_s0224_N2_v1,Khoản 1 Điều 15 Văn bản hợp nhất 07/VBHN-BGDĐT năm 2023 quy định nội dung gì?,Điều 15 của Văn bản hợp nhất 07/VBHN-BGDĐT năm 2023 quy định về nội dung gì?,,
448,d2_s0744_P2_v3,What new feature does the AntSynNET model add on top of standard lexico-syntactic pattern information for distinguishing antonyms and synonyms?,"For distinguishing antonyms and synonyms, which new feature is added by the AntSynNET model to the standard lexico-syntactic pattern information?",,
449,d1_s0132_P2_v3,I need to know the session by which the final paper must be handed in.,When is the final paper due in the course schedule?,,
450,d4_s0251_N3_v2,What is acute eosinophilic leukemia?,What is chronic eosinophilic leukemia?,,
451,d3_s0824_N3_v1,"What are the three initial items in the ""Day off in Kyoto"" packing list example, and which one is marked done?","What are the three initial tasks in the ""Day off in Kyoto"" task app example, and which one is marked done?",,
452,d4_s0792_N3_v1,What percentage of people with Alpha-1 antitrypsin deficiency experience emphysema and hepatic failure?,What percentage of people with cystic fibrosis experience emphysema and hepatic failure?,,
453,d1_s0722_N1_v1,Which guest speakers appear in Session 6 on Identities in Development?,What readings are assigned for Session 6 on Identities in Development?,,
454,d1_s0254_P1_v2,"In the 1.051 course calendar, when must Assignment 1 be handed in, and what else occurs at that lecture?","When is Assignment 1 due in MIT's 1.051 course calendar, and what else happens at that same session?",,
455,d5_s0315_N6_v2,"Việc tăng giá dịch vụ trong lĩnh vực giáo dục, đào tạo phải được công khai trước bao lâu?","Tỷ lệ tăng mức giá dịch vụ trong lĩnh vực giáo dục, đào tạo tối đa là bao nhiêu phần trăm mỗi năm?",,
456,d5_s0336_N6_v2,Quy định miễn học phí cho sinh viên chuyên ngành Mác-Lênin và Tư tưởng Hồ Chí Minh có hiệu lực từ khi nào?,Sinh viên học chuyên ngành nào được miễn học phí theo quy định tại Điều 15?,,
457,d2_s0494_P2_v2,Tell me the tweet character limit the paper mentions in connection with informal language.,What character limit on tweets does the paper mention as a source of informal language?,,
458,d3_s0493_N6_v2,What minimum React version does the React Compiler Beta Release announcement require?,Who wrote the React Compiler Beta Release announcement and when was it published?,,
459,d2_s0740_N6_v1,"How many benchmark NER corpora does this study use, and what text genres do they span?",How were the seven benchmark NER corpora split into training and test portions?,,
460,d2_s0062_N5_v1,What is the Grail theorem prover and what type-logical frameworks was it designed to work with?,Which type-logical framework was the Grail theorem prover first designed to work with?,,
461,d1_s0049_P2_v4,"I need to know which case study 1.011 Project Evaluation covered in its A3.1-due, A3.2-issued session.",Which case study was covered at the session when Assignment A3.1 was due and Assignment A3.2 was issued in 1.011 Project Evaluation?,,
462,d4_s0713_N6_v1,How is acute intermittent porphyria inherited?,What is the risk that a person with AIP passes the HMBS mutation to each child?,,
463,d1_s0169_N2_v2,When is Homework 1 distributed and when is it due?,When is each homework in the course distributed and when is it due?,,
464,d5_s0085_N3_v2,Những đối tượng nào không thuộc phạm vi áp dụng của Thông tư 40/2026/TT-BLĐTBXH?,Những đối tượng nào không thuộc phạm vi áp dụng của Thông tư 40/2026/TT-BGDĐT?,,
465,d4_s0228_N4_v3,"How many types of chronic myeloproliferative neoplasms are there, and what are they?",Which blood disorders are excluded from the chronic myeloproliferative neoplasm group?,,
466,d2_s0764_N5_v2,"What is the largest number of parameters used in a MoE model architecture presented in the paper, and how is it integrated into the network?","Which MoE architecture in the paper is the smallest, and how is it integrated into the network?",,
467,d1_s0086_P1_v4,"How many problem sets are assigned in Ecology I: The Earth System, and do they include solutions?",Count of problem sets in Ecology I: The Earth System — and do they have solutions?,,
468,d2_s0451_N5_v1,How many visual questions does the largest publicly-shared VQA benchmark contain?,How many visual questions does the smallest publicly-shared VQA benchmark contain?,,
469,d5_s0051_N6_v1,Nghị quyết 29/2026/NQ-HĐND về chi phí tổ chức kỳ thi áp dụng cho tỉnh nào và dựa trên thông tư nào?,Nghị quyết 29/2026/NQ-HĐND về chi phí tổ chức kỳ thi có hiệu lực thi hành từ ngày nào?,,
470,d4_s0414_P2_v2,Metastatic squamous neck cancer with occult primary is what sort of disease?,What is metastatic squamous neck cancer with occult primary?,,
471,d3_s0066_P2_v1,When did React first announce an experimental demo of React Server Components?,Tell me when React's experimental React Server Components demo was first announced.,,
472,d1_s0668_N2_v1,How many lecture sessions are in the 10.675J course calendar?,How many lecture sessions in the 10.675J calendar are devoted to density functional theory?,,
473,d2_s0390_P1_v3,"What is the drop in performance for character-level input compared with word-level input, and what F1 does the model get?","How much does performance drop when the model uses character-based input instead of word-based input, and what F1 score does it reach?",,
474,d1_s0075_N4_v1,Which files accompanying the 2001 Quiz 1 exam in course 1.017 are not MATLAB files?,What MATLAB files accompany the 2001 Quiz 1 exam in course 1.017?,,
475,d1_s0163_N3_v1,What percentage of the final course grade do the exams count for?,What percentage of the final course grade does homework count for?,,
476,d4_s0587_N4_v1,What are the signs that a penile sore is benign rather than cancerous?,What are the signs of penile cancer?,,
477,d3_s0218_N6_v2,"What must happen before reopening a Django ticket that's been marked ""wontfix""?","Who actually reopens the ticket once consensus to reopen a ""wontfix"" is reached?",,
478,d5_s0146_P1_v2,Vi phạm của sinh viên phát sinh trước khi Thông tư 40/2026 có hiệu lực mà được xem xét kỷ luật sau đó sẽ theo quy định nào?,"Nếu hành vi vi phạm của sinh viên xảy ra trước khi Thông tư 40/2026 có hiệu lực nhưng bị xử lý kỷ luật sau khi Thông tư có hiệu lực, quy định nào sẽ được áp dụng?",,
479,d4_s0633_N4_v1,How does prostate cancer incidence and mortality compare between African-American men and white men?,Is prostate cancer less common among African-American men than among white men?,,
480,d1_s0313_N1_v2,Which topics are covered in 1.060 Engineering Mechanics II?,What textbook is used in 1.060 Engineering Mechanics II?,,
481,d4_s0205_N3_v2,Which group in the United States has an increased risk of liver cancer?,Which group in Japan has an increased risk of liver cancer?,,
482,d2_s0567_P1_v2,What speaker recognition approach does the Intelligent Voice (IV) system use?,What technique does the Intelligent Voice (IV) system rely on for speaker recognition?,,
483,d1_s0746_N5_v1,"Who is the instructor of MIT's 11.006 Poverty and Economic Security course, and in what term was it taught?","Who taught MIT's 11.006 Poverty and Economic Security in its earliest term, and when was that?",,
484,d5_s0320_N5_v2,"Đối với đào tạo đại học tại cơ sở giáo dục dân lập, tư thục, tỷ lệ tăng học phí hàng năm tối đa là bao nhiêu?","Đối với đào tạo đại học tại cơ sở giáo dục dân lập, tư thục, học phí hằng năm phải tăng ít nhất bao nhiêu?",,
485,d3_s0553_P1_v2,Do the recently published CVE-2025-55184 and CVE-2025-55183 issues permit remote code execution?,Do the newly disclosed CVE-2025-55184 and CVE-2025-55183 vulnerabilities allow remote code execution?,,
486,d3_s0067_P2_v3,What approach is the React team adopting instead of forked I/O libraries like react-fetch for Server Components?,"Instead of shipping forked I/O libraries such as react-fetch, the React team is moving to which approach for Server Components?",,
487,d3_s0219_N5_v3,"What's required before reopening a ticket marked ""needsnewfeatureprocess""?","How many approvals are needed in the new feature ideas GitHub project before a ""needsnewfeatureprocess"" ticket is reopened?",,
488,d5_s0316_N3_v1,"Cơ quan nào chủ trì, phối hợp với Bộ Tài chính thực hiện quản lý nhà nước về học phí và giá dịch vụ giáo dục, đào tạo?","Cơ quan nào chủ trì, phối hợp với Bộ Nội vụ thực hiện quản lý nhà nước về học phí và giá dịch vụ giáo dục, đào tạo?",,
489,d4_s0435_P3_v4,4 paranasal sinuses - located where exactly,Where are the four paranasal sinuses located?,,
490,d1_s0676_P2_v4,"In 10.675J, how do the different components contribute to the final grade?",How is the final grade for 10.675J broken down?,,
491,d4_s0108_N5_v3,What is the minimum amount of cerebrospinal fluid needed from a lumbar puncture for testing?,What is a lumbar puncture and what is another name for it?,,
492,d2_s0402_P1_v1,"Of the 144 Winograd schemas in the online collection, how many could reasonably become a gendered-pronoun translation challenge with 'they'?","Out of the 144 Winograd schemas in the online collection, how many can plausibly be turned into a gendered-pronoun translation challenge using 'they'?",,
493,d3_s0125_N2_v2,"What email settings does Django use by default for all outgoing mail, and how are they changed?","What email address does Django use by default to send error reports, and how can it be changed?",,
494,d3_s0331_P2_v3,"In the Django overview example, what field does the Reporter model have and what type is it?",I'm reading the Django overview example — what's on the Reporter model and what type is it?,,
495,d5_s0331_P1_v1,"Mức trần học phí năm học 2025-2026 đối với trình độ cao đẳng, trung cấp nhóm ngành Sức khỏe tại cơ sở giáo dục nghề nghiệp công lập chưa tự bảo đảm chi thường xuyên là bao nhiêu?","Học phí trần năm học 2025-2026 của nhóm ngành Sức khỏe trình độ cao đẳng, trung cấp ở trường nghề công lập chưa tự chủ chi thường xuyên là bao nhiêu?",,
496,d4_s0668_P1_v3,Which diagnostic study establishes a diagnosis of achalasia?,What test is used to confirm a diagnosis of achalasia?,,
497,d3_s0006_N3_v1,Why might a database record not appear in the Django admin changelist even though it exists?,Why might a database record not appear in the Django admin history page even though it was edited?,,
498,d3_s0642_N4_v1,"In the PackingList example, what symbol is added to an item when its isPacked prop is true?","In the PackingList example, what symbol is added to an item when its isPacked prop is false?",,
499,d4_s0645_N6_v1,What autoimmune diseases are commonly linked with thymoma?,Why does thymoma trigger autoimmune diseases such as myasthenia gravis?,,
500,d3_s0330_P2_v2,"When I run migrate in Django, what is done by it?",What does the Django migrate command do?,,
501,d5_s0148_N1_v2,"Theo Điều 32 của Thông tư 40/2026/TT-BGDĐT, những ai chịu trách nhiệm thi hành thông tư này?","Đơn vị nào chịu trách nhiệm hướng dẫn, kiểm tra việc thực hiện Thông tư 40/2026/TT-BGDĐT?",,
502,d2_s0720_N6_v1,Why does the proposed domain adaptation method for NMT train on out-of-domain data before fine tuning?,"What is the name of the proposed domain adaptation method for neural machine translation, and what two approaches does it combine?",,
503,d5_s0074_P1_v1,"Căn cứ nào dùng để xác định đơn giá tối đa khi đặt hàng dịch vụ giáo dục mầm non, phổ thông, đại học, nghề nghiệp?","Đơn giá tối đa thực hiện đặt hàng dịch vụ giáo dục mầm non, phổ thông, đại học, nghề nghiệp được xác định dựa trên căn cứ nào?",,
504,d1_s0344_N4_v2,"How is grading weighted in 1.101, and is there a final exam?",What share of the 1.101 grade does not come from Design Task Reports and Portfolio?,,
505,d4_s0179_N2_v2,"What type of cells do gliomas form from, and what substance do those cells normally produce?","What type of cells do ependymomas form from, and what substance do those cells normally produce?",,
506,d4_s0749_P2_v1,Tell me how often seizures occur in adenylosuccinase deficiency and when they usually begin.,"What percentage of people with adenylosuccinase deficiency experience seizures, and when do they often begin?",,
507,d2_s0120_N1_v2,How is the predicate WRITE identified in the example sentence?,"In the example sentence with the predicate WRITE, what roles are assigned to 'Mike' and 'a book', and what annotation scheme do these labels come from?",,
508,d3_s0768_N5_v2,Do developers need to rewrite their code to use React Compiler?,At most how many files must developers change to enable React Compiler?,,
509,d1_s0523_N4_v1,"Who gave the Session 2 lecture on scientific writing and the IMRaD report format in 10.467, and what organization was he affiliated with?","Who attended, rather than gave, the Session 2 lecture on scientific writing and the IMRaD report format in 10.467?",,
510,d3_s0312_N3_v1,Where can Django's documentation be read as PDF?,Where can Django's documentation be read as HTML?,,
511,d1_s0490_N4_v1,In what term was MIT's 10.445 Separation Processes for Biochemical Products not offered?,In what term was MIT's 10.445 Separation Processes for Biochemical Products taught?,,
512,d1_s0567_N3_v2,What course must a student have taken before enrolling in 10.491 Integrated Chemical Engineering II?,What course must a student have taken before enrolling in 10.492 Integrated Chemical Engineering Topics I?,,
513,d5_s0120_P2_v1,Cho tôi biết số lần một hành vi vi phạm của sinh viên bị xử lý kỷ luật.,Một hành vi vi phạm của sinh viên có thể bị xử lý kỷ luật bao nhiêu lần?,,
514,d1_s0168_N5_v1,"When is the midterm exam held in Introduction to Network Models, and what else happens that lecture?",Which is the last lecture of Introduction to Network Models with a homework due?,,
515,d4_s0138_N3_v2,What is the known cause of most childhood retinoblastomas?,What is the known cause of most childhood brain and spinal cord tumors?,,
516,d4_s0689_N5_v4,What is the most severe neurological complication of abetalipoproteinemia?,"What neurological and eye problems can develop later in childhood with abetalipoproteinemia, and what can eventually happen to vision?",,
517,d3_s0058_N5_v1,"In React 18, must an app use all concurrent features before Concurrent React is enabled?","Is Concurrent React enabled by default in React 18, or does a developer need to opt in?",,
518,d5_s0229_P2_v2,"Cơ quan tài chính cùng cấp phải nhận được báo cáo quyết toán kinh phí cấp bù miễn, giảm học phí trước ngày nào hằng năm?","Báo cáo quyết toán kinh phí cấp bù miễn, giảm học phí phải gửi cơ quan tài chính cùng cấp trước ngày nào hàng năm?",,
519,d5_s0111_N5_v1,"Theo Điều 15 khoản 2, nhà trường phối hợp với cơ quan nào để quản lý cư trú của sinh viên ngoại trú?","Theo Điều 15 khoản 2, nhà trường phải phối hợp với tối đa bao nhiêu cơ quan để quản lý cư trú sinh viên ngoại trú?",,
520,d3_s0621_N5_v2,"In the image gallery example, what are the two state variables declared with useState and their initial values?","In the image gallery example, which state variable is declared last?",,
521,d5_s0175_P3_v4,Hội đồng đg luận văn ths phải có bn tv và trình độ tối thiểu là gì nhỉ,Hội đồng đánh giá luận văn thạc sĩ phải có bao nhiêu thành viên và yêu cầu trình độ tối thiểu là gì?,,
522,d3_s0213_N6_v2,What automated tool does Django recommend for accessibility checks during UI testing?,Which browsers is Django's recommended accessibility extension available for?,,
523,d3_s0810_N1_v2,What are the two reasons a React component renders?,How does React commit changes to the DOM after rendering a component?,,
524,d2_s0493_P2_v2,What two Bayesian nonparametric components make up the Twitter-Network (TN) topic model?,The TN topic model combines which two Bayesian nonparametric components?,,
525,d2_s0325_P2_v2,This semantic parser is currently limited to handling what kind of sentence syntax?,What kind of sentence syntax is this semantic parser currently limited to handling?,,
526,d5_s0226_P2_v1,"Cho tôi biết ngày có hiệu lực thi hành của Nghị định về cơ chế thu, quản lý học phí này.","Nghị định về cơ chế thu, quản lý học phí này có hiệu lực thi hành từ ngày nào?",,
527,d3_s0015_N4_v2,When did World Online open-source Django?,How long was Django kept closed-source inside World Online?,,
528,d1_s0405_N5_v1,What is the maximum number of lecture sessions 10.32 Separation Processes meets in any single week?,"How many lecture sessions per week does 10.32 Separation Processes meet, and how long is each session?",,
529,d4_s0028_P3_v2,What are common signs and symptoms of hairy cell leukemia?,hairy cell leukemia signs n symptoms??,,
530,d5_s0274_N1_v1,"Đồ án, khóa luận tốt nghiệp được tính bao nhiêu tín chỉ trong chương trình đào tạo?","Việc bảo vệ và đánh giá đồ án, khóa luận tốt nghiệp từ xa phải đáp ứng những điều kiện gì?",,
531,d4_s0382_N1_v2,How is Langerhans cell histiocytosis treated?,What type of cell does Langerhans cell histiocytosis begin in?,,
532,d3_s0074_P1_v4,"Following the react.dev launch, what was done with the legacy React documentation site and the reactjs.org domain?",What happened to the old React documentation site and the reactjs.org domain after react.dev launched?,,
533,d3_s0002_P3_v1,which 2 user model fields gotta both be True for django admin access?,Which two User model fields must both be True for a user to access the Django admin?,,
534,d4_s0430_P1_v1,Which type of oropharyngeal cancer occurs most frequently?,What is the most common type of oropharyngeal cancer?,,
535,d1_s0176_P2_v1,Course 1.033 is offered by which department?,Which department offers course 1.033?,,
536,d1_s0748_N4_v3,"What is the page limit for Assignment 1, and what should students avoid doing when completing it?","For Assignment 1, what should students do instead of interviewing someone?",,
537,d4_s0711_N3_v2,"What enzyme is deficient in acute intermittent porphyria, and which gene mutation causes this deficiency?","What enzyme is deficient in variegate porphyria, and which gene mutation causes this deficiency?",,
538,d5_s0345_N1_v1,"Hiệu trưởng trường mầm non, tiểu học, THCS xét duyệt hồ sơ miễn giảm học phí dựa trên những giấy tờ nào?","Hiệu trưởng trường mầm non, tiểu học, THCS có bao nhiêu ngày làm việc để xét duyệt hồ sơ miễn giảm học phí kể từ khi nhận đơn?",,
539,d3_s0494_P2_v1,What does React Compiler do?,Describe what React Compiler does.,,
540,d3_s0421_N6_v1,"What command installs Django Debug Toolbar, and where should it be run?",Why must the Django Debug Toolbar install command be run inside an activated virtual environment?,,
541,d3_s0773_P1_v3,"Instead of manipulating the UI directly, how does React handle UI updates driven by user input?","According to the document, how does React let you handle UI changes in response to user input, as opposed to manipulating the UI directly?",,
542,d1_s0741_P2_v4,Name the 11.002J session with the Paper 1 deadline and the special event it hosts.,"In which session of 11.002J is Paper 1 due, and what special event occurs that session?",,
543,d5_s0215_N4_v2,Quy chế đào tạo trình độ đại học quy định về những nội dung chính nào?,"Quy chế đào tạo trình độ đại học không quy định về loại văn bằng, chứng chỉ nào?",,
544,d5_s0106_N5_v1,"Theo Điều 12 khoản 1, nhà trường thực hiện những công việc tổ chức, hành chính gì đối với sinh viên mới trúng tuyển?","Theo Điều 12 khoản 1, công việc nào được nhà trường thực hiện đầu tiên đối với sinh viên mới trúng tuyển?",,
545,d4_s0441_N4_v1,"Which salivary gland is the largest, where is it located, and where do most major salivary gland tumors begin?","Which salivary gland is the largest, where is it located, and in which major salivary gland do tumors seldom begin?",,
546,d1_s0473_N1_v1,"What is the required textbook for 10.442 Biochemical Engineering, and what is its ISBN?",Which chapters of the required 10.442 textbook are covered in the course?,,
547,d4_s0346_P1_v1,Can you explain what an ovarian low malignant potential tumour is?,What is an ovarian low malignant potential tumor?,,
548,d3_s0133_N2_v2,In which file formats can Django fixtures be written?,"In which file formats can Django serialize model data in general, not just fixtures?",,
549,d4_s0034_P2_v4,I need both the alternate name of the lumbar puncture in childhood ALL and its purpose.,"What is another name for the lumbar puncture procedure used in diagnosing childhood ALL, and what does it check for?",,
550,d4_s0483_P2_v3,What is the most common type of breast cancer and where does it begin?,Tell me both the leading type of breast cancer and its starting point.,,
551,d2_s0603_N5_v3,"What two training losses does the paper use for RNN-based acoustic word embeddings, and which approach performs better?",Which approach performs worst among the paper's RNN-based acoustic word embedding models?,,
552,d1_s0676_N2_v1,How is the final grade for 10.675J broken down?,How is the final project grade itself broken down in 10.675J?,,
553,d5_s0202_P3_v2,LA đc coi là đạt khi tối thiểu bn % tv hội đồng thông qua ạ?,Luận án được coi là đánh giá đạt yêu cầu khi có tỷ lệ thành viên Hội đồng thông qua tối thiểu bao nhiêu phần trăm?,,
554,d2_s0627_P3_v3,"whats the formula for transE score fn f(h,r,t) pls","What is the formula for TransE's score function f(h,r,t)?",,
555,d5_s0306_N6_v2,"Cơ sở đào tạo phải hoàn thành việc rà soát, sửa đổi quy chế đào tạo nội bộ phù hợp với Quy chế mới trước thời hạn nào?","Ai có thẩm quyền ban hành quy chế đào tạo nội bộ đã rà soát, sửa đổi của cơ sở đào tạo?",,
556,d4_s0253_P2_v4,Tell me if a case of chronic eosinophilic leukemia can become acute leukemia.,Can chronic eosinophilic leukemia turn into acute leukemia?,,
557,d2_s0134_N6_v1,"Why did the authors name their model MVCNN, with M for multichannel and V for variable-size filters?",What do the letters M and V stand for in the name MVCNN?,,
558,d4_s0359_P1_v4,What are the gallbladder wall's three main tissue layers called?,What are the three main layers of tissue in the gallbladder wall?,,
559,d3_s0338_N3_v2,What file must a directory like polls contain to be treated as a Python package?,What file must a directory like polls contain to be treated as an installable Python distribution?,,
560,d3_s0311_N2_v2,What markup language is Django's documentation written in?,What markup language is used across all djangoproject.com website content?,,
561,d1_s0224_P3_v4,"1.050 homework teams - how does it work in terms of groups, pls",How are homework assignments organized in terms of group work for 1.050 Engineering Mechanics I?,,
562,d1_s0249_N3_v2,What edition and publisher is the Nilson textbook used for some problems in 1.054?,What edition and publisher is the Nilson textbook used for some problems in 1.051?,,
563,d2_s0627_P3_v2,"What is the formula for TransE's score function f(h,r,t)?","transe score function f(h,r,t) formula = ?",,
564,d5_s0333_N5_v2,Trẻ em mầm non 5 tuổi không thuộc vùng đặc biệt khó khăn được miễn học phí từ năm học nào?,"Trong các nhóm trẻ em mầm non, nhóm nào được miễn học phí sớm nhất?",,
565,d5_s0110_N6_v1,Sinh viên vi phạm nội quy khu nội trú bị xử lý bằng hình thức nào?,Điều 14 khoản 1 yêu cầu nhà trường bố trí gì để giải quyết các sự vụ liên quan đến sinh viên trong khu nội trú?,,
566,d5_s0055_P1_v2,Tiền ăn hỗ trợ học sinh trong thời gian tập huấn và thi học sinh giỏi căn cứ vào quy định nào?,"Mức chi hỗ trợ tiền ăn cho học sinh trong quá trình tập huấn, thi học sinh giỏi được quy định theo điều khoản nào?",,
567,d5_s0188_P3_v1,dong huong dan 1 ncs quy doi bang bao nhieu ncs huong dan doc lap v?,"Nếu một giảng viên đồng hướng dẫn 1 nghiên cứu sinh, việc này được quy đổi tương đương bao nhiêu so với hướng dẫn độc lập?",,
568,d4_s0197_N5_v1,"What is the most common type of childhood liver cancer, and what age group does it usually affect?","What is the least common type of childhood liver cancer, and what age group does it usually affect?",,
569,d5_s0176_P1_v3,Cơ sở đào tạo được phép mất nhiều nhất bao lâu để tổ chức đánh giá luận văn thạc sĩ tính từ lúc học viên nộp bản dự thảo?,Cơ sở đào tạo phải tổ chức đánh giá luận văn thạc sĩ trong thời gian tối đa bao lâu kể từ khi học viên nộp dự thảo luận văn?,,
570,d3_s0375_N1_v1,What is the purpose of django.contrib.staticfiles according to the Django tutorial?,Which management command does django.contrib.staticfiles provide for gathering files?,,
571,d5_s0205_N1_v1,Thông tư 56/2026/TT-BGDĐT thay thế những văn bản nào?,Thông tư 56/2026/TT-BGDĐT có hiệu lực từ ngày nào?,,
572,d4_s0239_P1_v3,What changes take place in the bone marrow in primary myelofibrosis?,What happens to the bone marrow in primary myelofibrosis?,,
573,d5_s0314_P3_v4,tc trong nuoc kiem dinh cs gddh ai la nguoi ban hanh a,Kiểm định chất lượng giáo dục đối với cơ sở giáo dục đại học theo tiêu chuẩn trong nước do ai ban hành?,,
574,d4_s0272_N4_v1,What symptoms may indicate JMML in a child?,Does JMML in a child cause weight gain?,,
575,d2_s0187_P2_v1,"How much time is each debater given in the introduction, discussion, and conclusion rounds of an IQ2 debate?","Tell me the time each debater is allotted in the introduction, discussion, and conclusion rounds of an IQ2 debate.",,
576,d2_s0655_P2_v3,"What are RDSN and BPSN, and what is the main idea behind them?","The main idea behind RDSN and BPSN is what, and how are these two models defined?",,
577,d4_s0755_N6_v1,"Since most adiposis dolorosa cases are sporadic, what triggers them?",What is known about the inheritance pattern of adiposis dolorosa?,,
578,d2_s0544_N2_v1,What percentage of female gang members participate in online offending activities like threatening or harassing others?,What percentage of gang members participate in online offending activities like threatening or harassing others?,,
579,d5_s0040_N5_v1,"Từ năm học 2023-2024 trở đi, mức trần giá dịch vụ giáo dục mầm non, giáo dục phổ thông được tăng tối đa bao nhiêu phần trăm mỗi năm?","Từ năm học 2023-2024 trở đi, mức trần giá dịch vụ giáo dục mầm non, giáo dục phổ thông phải tăng tối thiểu bao nhiêu phần trăm mỗi năm?",,
580,d2_s0338_N2_v2,What tasks do RDN-based pipelines address across the NLP literature in general?,"What task does this paper's RDN-based pipeline address, and what technique does it use to learn linguistic patterns for relation extraction?",,
581,d4_s0555_N1_v2,Where does melanoma form and how does it behave compared to other skin cancers?,What are the warning signs of melanoma on the skin?,,
582,d5_s0211_P1_v2,Thời gian đào tạo chuẩn của hình thức đào tạo thường xuyên phải dài hơn hình thức chính quy bao nhiêu?,Chương trình đào tạo thường xuyên phải có thời gian đào tạo chuẩn nhiều hơn chính quy bao nhiêu?,,
583,d2_s0258_N5_v2,What baseline is the Memory Network system compared against on data from the latest Dialog State Tracking Challenge?,"What baseline is the Memory Network system compared against, and on what data?",,
584,d3_s0653_N2_v2,"What is the React ecosystem as a whole, according to the docs?","What is React, according to the React docs?",,
585,d5_s0306_N2_v2,"Cơ sở đào tạo phải hoàn thành việc rà soát, sửa đổi quy chế đào tạo nội bộ phù hợp với Quy chế mới trước thời hạn nào?","Cơ sở đào tạo có vốn đầu tư nước ngoài phải hoàn thành rà soát, sửa đổi quy chế đào tạo nội bộ trước thời hạn nào?",,
586,d2_s0101_N4_v2,What example does the paper give to illustrate combinatoriality using English phonemes?,What example does the paper give to illustrate the absence of combinatoriality?,,
587,d3_s0275_N1_v2,What should you do if a Django ticket has been assigned to someone for weeks or months with no activity?,Who is allowed to change the assignee field on a Django ticket?,,
588,d1_s0676_P3_v1,How is the final grade for 10.675J broken down?,how is final grade for 10.675j broken down,,
589,d1_s0464_N2_v1,At what academic level was 10.40 Chemical Engineering Thermodynamics offered in Fall 2003?,At what academic level was the recitation section of 10.40 offered in Fall 2003?,,
590,d2_s0683_N6_v1,"On how many language pairs did the authors evaluate their domain adaptation method, and how?",How many human judges took part in the subjective evaluation of the domain adaptation method?,,
591,d2_s0681_N4_v3,Does the proposed NMT domain adaptation approach require a large in-domain dataset?,What is the core idea behind the domain adaptation approach proposed for Neural Machine Translation in this paper?,,
592,d3_s0338_P1_v1,Which file does a directory such as polls need in order to count as a Python package?,What file must a directory like polls contain to be treated as a Python package?,,
593,d5_s0123_P3_v1,thong tu quy dinh bao nhieu hinh thuc ky luat sv va gom nhung hinh thuc nao v?,Thông tư quy định bao nhiêu hình thức kỷ luật đối với sinh viên và gồm những hình thức nào?,,
594,d4_s0040_P3_v1,"At what age does juvenile myelomonocytic leukemia (JMML) occur most often, and which sex is more commonly affected?",wat age does jmml happen most n which sex?,,
595,d5_s0210_N5_v3,Quy chế đào tạo trình độ đại học áp dụng đối với đối tượng nào?,Đối tượng áp dụng được nêu cuối cùng trong quy chế đào tạo trình độ đại học là ai?,,
596,d4_s0452_N1_v1,What are the main functions of the pancreas in the body?,How long is the pancreas and what shape is it described as having?,,
597,d4_s0390_P1_v1,Which signs may point to hypopharyngeal cancer?,What symptoms might indicate hypopharyngeal cancer?,,
598,d3_s0338_P3_v2,What file must a directory like polls contain to be treated as a Python package?,whats the file u must have in the polls dir so its treated as a python package,,
599,d3_s0110_N6_v1,Where should a Django project's SECRET_KEY be stored so it stays secret?,What are the two key requirements for a Django project's SECRET_KEY?,,
600,d1_s0533_P3_v3,who teaches 10.490 integrated chemical engeneering 1 at mit,Who is the instructor for MIT's 10.490 Integrated Chemical Engineering I course?,,
601,d2_s0307_P1_v3,"In this BiLSTM video captioning framework, which three components are merged by the joint visual modelling method?",What three components does the joint visual modelling approach combine in this BiLSTM video captioning framework?,,
602,d1_s0022_N2_v2,Is MIT's Uncertainty in Engineering course an undergraduate or graduate level course?,Are MIT's civil engineering probability courses undergraduate or graduate level?,,
603,d4_s0100_N1_v2,"What are mycosis fungoides and Sézary syndrome, and what body system do they primarily affect?",What are the stages of mycosis fungoides and Sézary syndrome?,,
604,d2_s0627_N4_v1,"What is the formula for TransE's score function f(h,r,t)?","What is the formula for TransE's dissimilarity, rather than its score, on (h,r,t)?",,
605,d1_s0300_N5_v1,What is the earliest lecture covered by Hour Exam 1 in 1.060 Engineering Mechanics II?,What material does Hour Exam 1 cover in 1.060 Engineering Mechanics II?,,
606,d1_s0451_N6_v1,"What is the required course text for MIT's 10.40 Chemical Engineering Thermodynamics, with ISBN?",Is Tester and Modell's Thermodynamics and Its Applications available online for MIT 10.40 students?,,
607,d4_s0229_N5_v1,Which staging system is most widely used for chronic myeloproliferative neoplasms?,Is there a standard staging system for chronic myeloproliferative neoplasms?,,
608,d4_s0561_N3_v1,What is the major risk factor for mesothelioma?,What is the major risk factor for non-small cell lung cancer?,,
609,d5_s0161_P3_v4,cho e hoi hv thac si voi sv dai hoc muon hoc truoc hp tien si thi can nhung dieu kien nao a,Người học đại học hoặc thạc sĩ cần đáp ứng điều kiện gì để được đăng ký học trước một số học phần của chương trình đào tạo tiến sĩ?,,
610,d2_s0383_N4_v2,How does the classification accuracy from the best generative model's dataset compare to that of the original SNLI dataset?,By how much does the original SNLI dataset's classification accuracy fall short of the best generative model dataset's accuracy?,,
611,d5_s0080_N1_v2,"Theo Nghị quyết 29/2026/NQ-HĐND, tiền công của Chủ tịch Hội đồng ra đề thi được chi từ nguồn nào?","Theo Nghị quyết 29/2026/NQ-HĐND, mức chi tiền công cho Chủ tịch Hội đồng ra đề thi trong kỳ thi tuyển sinh vào các lớp đầu cấp phổ thông là bao nhiêu?",,
612,d1_s0132_N3_v2,When is the final paper due in the course schedule?,When is the midterm paper due in the course schedule?,,
613,d4_s0395_P2_v4,Where can oral cavity cancer form? Give the oral cavity tissues involved.,Which tissues of the oral cavity can oral cavity cancer form in?,,
614,d5_s0265_N3_v2,Cơ quan quản lý nhà nước phải công khai những thông tin gì liên quan đến chương trình đào tạo trên trang thông tin điện tử?,Cơ sở đào tạo phải công khai những thông tin gì liên quan đến chương trình đào tạo trên trang thông tin điện tử?,,
615,d2_s0164_N4_v4,Which part of the multi-task slot filling model is large rather than small?,Which part of the multi-task slot filling model is unique to each app rather than shared?,,
616,d1_s0035_N6_v2,Is attendance taken at 1.010 lectures and recitations?,"How often do lectures and recitations meet in 1.010 Uncertainty in Engineering, and how long is each session?",,
617,d2_s0739_N6_v1,What examples does the paper give of named entities with unusual surface forms that make NER recall difficult?,How much does NER recall drop on named entities with unusual surface forms like 'Szeged'?,,
618,d3_s0200_N5_v3,What is the maximum number of objects that can lose their UUID values in this migration?,What race condition exists in the multi-step process for adding a unique field with existing rows?,,
619,d5_s0105_N5_v1,"Sau Điều 11, Thông tư chuyển sang mục nào?",Mục cuối cùng của Thông tư là mục nào?,,
620,d3_s0423_N1_v2,How has Django Debug Toolbar ranked in the Django Developers Survey in recent years?,How do you install Django Debug Toolbar in a Django project?,,
621,d3_s0469_N3_v2,What do the React team recommend developers enable to help prepare for React Compiler?,What do the Next.js team recommend developers enable to help prepare for React Compiler?,,
622,d3_s0348_N2_v2,What version numbering scheme is used across all Django Software Foundation projects?,"In Django's version numbering scheme A.B.C, what do the A.B and C parts each represent?",,
623,d4_s0459_N2_v1,"Where does a gastrinoma usually form, and is it typically benign or malignant?",Where within the head of the pancreas does a gastrinoma usually form?,,
624,d4_s0040_P1_v4,"At what age does juvenile myelomonocytic leukemia (JMML) occur most often, and which sex is more commonly affected?",What age group and which sex does juvenile myelomonocytic leukemia mainly affect?,,
625,d4_s0594_N3_v2,What condition can too much ACTH from a pituitary tumor cause in adults versus children?,What condition can too much growth hormone from a pituitary tumor cause in adults versus children?,,
626,d5_s0346_N4_v2,"Từ thời điểm nào đối tượng tại khoản 5, khoản 6 Điều 15 Nghị định không còn được chỉ nộp giấy khai sinh?","Từ thời điểm nào đối tượng tại khoản 5, khoản 6 Điều 15 Nghị định chỉ cần nộp giấy khai sinh mà không cần các giấy tờ chứng minh khác?",,
627,d1_s0631_P2_v3,"For the final grade in 10.520, how heavily is the Course Paper weighted?",What percentage of the final grade in 10.520 comes from the Course Paper?,,
628,d2_s0026_N6_v2,Why does the paper point out that argumentation has been studied since antiquity?,"Since when has the study of argumentation existed, according to the paper?",,
629,d3_s0256_P3_v2,Who grants the merger role in Django's contribution process?,whos the one that grants merger role in django??,,
630,d5_s0052_N4_v2,Nếu một người làm nhiều nhiệm vụ giống nhau trong cùng một ngày khi tổ chức kỳ thi thì được chi trả như thế nào?,Nếu một người làm nhiều nhiệm vụ khác nhau trong cùng một ngày khi tổ chức kỳ thi thì được chi trả như thế nào?,,
631,d5_s0261_P1_v1,Người học phải nhập học trước ngày nào để tiếp tục được đào tạo theo Quy chế cũ (Thông tư 23/2021 và 18/2021/TT-BGDĐT)?,Thời hạn nhập học để người học được tiếp tục đào tạo theo Quy chế cũ (Thông tư 23/2021 và 18/2021/TT-BGDĐT) là trước ngày nào?,,
632,d2_s0713_P3_v3,How many tweets were used in the experiments for this Twitter sentiment classification paper?,hw many tweets did they use in the exps in this twitter sentiment paper,,
633,d2_s0396_P3_v4,"How many feature functions does the approach define for each word pair ordering, and what are they based on?",how mny feature functiosn does the aproach define for each word pair orderng and what r they baesd on,,
634,d1_s0384_N5_v1,What is the full grading breakdown for 10.302 Transport Processes?,Which component carries the largest share of the 10.302 Transport Processes grade?,,
635,d3_s0210_N5_v3,At what WCAG version and conformance level does Django aim to comply for accessibility?,What is the latest WCAG version Django plans to conform with in future releases?,,
636,d4_s0241_P2_v1,Could you tell me two symptoms that primary myelofibrosis commonly causes?,What are two common symptoms of primary myelofibrosis?,,
637,d5_s0111_N6_v1,"Theo Điều 15 khoản 2, thông tin cư trú của sinh viên ngoại trú được bảo mật như thế nào?","Theo Điều 15 khoản 2, nhà trường phối hợp với cơ quan nào để quản lý cư trú của sinh viên ngoại trú?",,
638,d1_s0670_P1_v1,By when must the initial project choice and literature search be turned in for 10.675J?,When is the initial choice of project and literature search due in 10.675J?,,
639,d1_s0384_N2_v1,What is the full grading breakdown for 10.302 Transport Processes?,How is the lab component of the 10.302 Transport Processes grade itself broken down?,,
640,d1_s0406_N4_v2,Which separation processes does 10.32 only mention without actually covering them?,What four separation processes does 10.32 Separation Processes specifically cover?,,
641,d4_s0003_P2_v3,I would like to know which signs and symptoms are common in adult ALL.,What are common signs and symptoms of adult ALL?,,
642,d4_s0320_P1_v3,What is the typical average age of an endometrial cancer diagnosis?,At what average age is endometrial cancer typically diagnosed?,,
643,d3_s0217_N2_v1,Where should security issues in third-party Django packages be reported?,"Where should security issues in Django be reported, and who has access to that list?",,
644,d4_s0107_N3_v1,What conditions increase the risk of developing Hodgkin lymphoma?,What conditions increase the risk of developing primary CNS lymphoma?,,
645,d5_s0003_N3_v2,"Đối với cơ sở giáo dục nghề nghiệp công lập tự bảo đảm chi thường xuyên (giai đoạn 2022-2023 đến 2025-2026), mức học phí tối đa được quy định như thế nào?","Đối với cơ sở giáo dục đại học công lập tự bảo đảm chi thường xuyên (giai đoạn 2022-2023 đến 2025-2026), mức học phí tối đa được quy định như thế nào?",,
646,d1_s0273_N4_v2,Which 1.054 homework does not deal with creep strain?,What does Homework 2 in 1.054 focus on?,,
647,d4_s0631_N2_v2,"What is the most common cancer among men in the United States, skin cancers included?",What is the most common nonskin cancer among men in the United States?,,
648,d3_s0075_N1_v2,What are the two main sections of the new react.dev documentation?,What happened to the old reactjs.org documentation when react.dev launched?,,
649,d4_s0359_N6_v2,Which layer of the gallbladder wall contracts to push out bile?,What are the three main layers of tissue in the gallbladder wall?,,
650,d3_s0386_P2_v3,I need the command for creating the database tables of the apps in INSTALLED_APPS — and what does it check to create them?,"What command creates the database tables for the apps listed in INSTALLED_APPS, and what does it look at to do so?",,
651,d4_s0209_P3_v2,What is Ewing sarcoma and in what bones can it be found?,ewing sarcoma - what is it & which bones does it show up in,,
652,d5_s0311_P1_v3,"Giá dịch vụ trong lĩnh vực giáo dục, đào tạo bao gồm những khoản nào?","Trong lĩnh vực giáo dục, đào tạo, giá dịch vụ bao gồm các thành phần nào?",,
653,d4_s0657_N5_v2,What is the least likely cause of an accessory navicular bone?,What is thought to cause accessory navicular bone?,,
654,d5_s0147_N2_v1,Việc đánh giá kết quả rèn luyện của sinh viên năm cuối chưa kết thúc trước ngày Thông tư 40/2026 có hiệu lực thì xử lý ra sao?,Việc đánh giá kết quả rèn luyện của sinh viên đang thực hiện trước ngày Thông tư 40/2026 có hiệu lực nhưng chưa kết thúc thì xử lý ra sao?,,
655,d5_s0042_N4_v2,Giá dịch vụ giáo dục đại học năm học 2021-2022 không được thấp hơn mức nào?,Mức trần giá dịch vụ giáo dục đại học năm học 2021-2022 được quy định như thế nào?,,
656,d3_s0034_N3_v2,Which backend allows inactive users (is_active=False) to authenticate via REMOTE_USER?,Which backend allows non-staff users (is_staff=False) to authenticate via REMOTE_USER?,,
657,d5_s0127_N1_v1,Hình thức kỷ luật buộc thôi học được áp dụng trong trường hợp nào?,Thẩm quyền quyết định hình thức kỷ luật buộc thôi học thuộc về ai?,,
658,d1_s0086_N2_v2,"How many assignments in total are given in Ecology I: The Earth System, and do they include solutions?","How many problem sets are assigned in Ecology I: The Earth System, and do they include solutions?",,
659,d3_s0761_P2_v1,What npm command installs React Compiler as a devDependency?,Give me the npm command that installs React Compiler as a devDependency.,,
660,d2_s0054_N5_v1,"Which is the earliest reported version of the ""Kidney Theft"" urban legend mentioned in the paper?","Who reported the ""Kidney Theft"" urban legend example cited in the paper, and whose signature appeared on it?",,
661,d3_s0045_N4_v1,"Was React Conf 2021 the first time the conference was hosted online, and how many languages was it translated into?","Was React Conf 2021 the first time the conference was hosted in person, and how many languages was it translated into?",,
662,d1_s0446_P3_v4,late hmwrk rules for 10 37 - anyone?,What is the late homework policy in course 10.37?,,
663,d3_s0373_N1_v1,What is the full file path for the polls stylesheet created in part 6 of the Django tutorial?,What CSS rule does the polls stylesheet contain in part 6 of the Django tutorial?,,
664,d4_s0464_P2_v2,Tell me what renal cell cancer is also called.,What is renal cell cancer also called?,,
665,d5_s0057_N5_v2,Số ngày làm việc tối thiểu phải chờ sau ngày khai giảng mới được nộp đơn đề nghị miễn giảm học phí là bao nhiêu?,"Trong vòng bao nhiêu ngày làm việc kể từ ngày khai giảng năm học, cha mẹ hoặc người giám hộ phải nộp đơn đề nghị miễn giảm học phí?",,
666,d1_s0104_P2_v1,"When does Quiz 3 occur, and what assignment is due at the same session?",Tell me the session of Quiz 3 and the assignment due at it.,,
667,d2_s0464_N1_v1,Who assigned the reference intensity labels in this paper?,On what numerical scale is reference intensity measured in this paper?,,
668,d5_s0177_P1_v2,Đối tượng nào không được phép là thành viên hội đồng thẩm định luận văn thạc sĩ?,Ai không được tham gia hội đồng thẩm định luận văn thạc sĩ?,,
669,d4_s0252_N5_v1,What is the normal function of eosinophils in the body?,Which single function is the primary role of eosinophils in the body?,,
670,d5_s0332_N6_v1,Học sinh tiểu học trường công lập được miễn học phí theo điều khoản nào của nghị định?,Học sinh tiểu học trường công lập có phải đóng học phí không?,,
671,d2_s0567_N3_v1,What speaker recognition approach does the BUT system use?,What speaker recognition approach does the Intelligent Voice (IV) system use?,,
672,d2_s0252_N4_v1,Which context combinations does the paper's extended middle context representation for CNNs exclude?,What are the two context combinations used in the paper's 'extended middle context' representation for CNNs?,,
673,d4_s0203_N2_v2,"How many types of hepatitis are there in total, counting both viral and non-viral causes?","How many types of hepatitis virus are there, and which three are the most common?",,
674,d3_s0368_P2_v2,What quote about testing is attributed to Jacob Kaplan-Moss in the Django tutorial?,Tell me the testing quote from Jacob Kaplan-Moss that appears in the Django tutorial.,,
675,d4_s0246_P2_v4,I'd like a rundown of the symptoms essential thrombocythemia can produce.,What symptoms may be caused by essential thrombocythemia?,,
676,d4_s0712_P3_v4,things that trigger symptoms in acute intermittent porphyria?? thx,What factors can trigger symptoms in a person with acute intermittent porphyria?,,
677,d5_s0102_P2_v4,Điều 10 khoản 4 điểm b quy định sinh viên được trang bị kỹ năng phòng ngừa đối với vấn đề gì?,"Theo điểm b khoản 4 Điều 10, kỹ năng phòng ngừa dành cho sinh viên hướng tới vấn đề nào?",,
678,d4_s0502_N4_v1,Where does breast cancer rank as a cause of new cancer cases and as a cause of cancer death in American women?,Where does breast cancer rank among the most survivable cancers in American women?,,
679,d3_s0241_N4_v1,When does a Django contributor have the option to sign the CLA?,When is a Django contributor required to sign the CLA?,,
680,d3_s0495_N6_v2,What does the react-compiler-runtime package actually provide at runtime?,"Which React versions does React Compiler officially support, and what package enables older versions?",,
681,d5_s0287_P1_v3,Sinh viên không hoàn tất chương trình để tốt nghiệp được cấp thứ gì?,Sinh viên không tốt nghiệp được cấp gì?,,
682,d4_s0126_N3_v1,How did colorectal cancer incidence and mortality trends differ between men and women from 2004 to 2013?,How did anal cancer incidence and mortality trends differ between men and women from 2004 to 2013?,,
683,d1_s0505_N4_v1,How is the grade broken down in 10.445 Separation Processes for Biochemical Products?,Which components do not count toward the grade in 10.445 Separation Processes for Biochemical Products?,,
684,d4_s0649_N2_v2,How does the length of the urethra differ between women and men?,How does the length of the whole urinary tract differ between women and men?,,
685,d5_s0328_P3_v4,hp ct da kiem dinh tai cs gdnn cong lap toi da gap may lan muc tran tai diem a khoan 2 dieu 10 a?,Chương trình đào tạo đã đạt chuẩn kiểm định tại cơ sở giáo dục nghề nghiệp công lập được thu học phí tối đa gấp bao nhiêu lần mức trần quy định tại điểm a khoản 2 Điều 10?,,
686,d1_s0170_P3_v4,topic of lecture20 & hw deadline that day?,"What topic does Lecture 20 cover, and what homework is due at that lecture?",,
687,d3_s0323_N3_v1,"What version control system does the Django source code repository use, and where is it hosted online?","What version control system does the Python source code repository use, and where is it hosted online?",,
688,d4_s0542_N4_v1,How has the number of new melanoma cases changed over the past several decades?,Has the number of new melanoma cases decreased over the past several decades?,,
689,d1_s0226_N2_v1,How many of the 11 homework assignments count toward the final grade?,How many of the 11 homework assignments count toward the final grade for graduate students?,,
690,d1_s0043_N4_v1,What are the titles of Assignments 3.1 and 3.2 in this course?,What are the titles of the introductory-concepts assignments in this course?,,
691,d2_s0407_N2_v1,What is found to be strongly correlated with political power among female speakers in the study?,What is found to be strongly correlated with political power in the study?,,
692,d5_s0168_N4_v1,Cơ sở đào tạo công nhận trúng tuyển cho người dự tuyển khi đáp ứng những điều kiện gì?,Trường hợp nào cơ sở đào tạo không công nhận trúng tuyển cho người dự tuyển?,,
693,d3_s0119_N4_v2,How do you stop the example uWSGI configuration from respawning workers after 5000 requests?,After how many served requests does the example uWSGI configuration respawn a worker process?,,
694,d2_s0158_P1_v4,"What accuracy do current approaches achieve on some question answering datasets, according to the paper?",What accuracy figure does the paper give for current approaches on some question answering datasets?,,
695,d4_s0674_N5_v1,Which single risk factor for vulvar cancer is the strongest?,"What are the main risk factors for developing vulvar cancer, including VIN?",,
696,d3_s0065_P1_v1,What is the publication date of the 'React Labs: What We've Been Working On – June 2022' post?,When was the 'React Labs: What We've Been Working On – June 2022' post published?,,
697,d2_s0146_P2_v1,Tell me whether linguistic processing tools are relied on by the RNN encoder approach.,Does the RNN encoder approach rely on linguistic processing tools?,,
698,d1_s0014_P1_v2,"Instead of 1.00, what should graduate students enroll in, and how many units does each alternative give?","What must a graduate student register for instead of 1.00, and how many units does each option carry?",,
699,d5_s0254_N5_v2,Cơ sở đào tạo phải hoàn thành cấp văn bằng cho người học trong thời hạn tối đa bao lâu kể từ khi người học hoàn thành luận văn hoặc luận án?,Thời hạn tối thiểu để cơ sở đào tạo hoàn thành việc cấp văn bằng cho người học là bao lâu?,,
700,d3_s0199_P2_v1,"In the recommended approach for adding a unique field to a table with existing data, what should unique=True be changed to in the first migration file, and why?","Explain what unique=True should be changed to in the first migration file when adding a unique field to a table with existing data, and why that's done.",,
701,d2_s0549_P1_v1,What definition of sarcasm does this paper give?,How does this paper define sarcasm?,,
702,d5_s0059_N6_v1,"Từ năm học nào, đối tượng quy định tại khoản 5, khoản 6 Điều 15 chỉ phải nộp giấy khai sinh mà không cần các giấy tờ khác?","Đối tượng quy định tại khoản 5, khoản 6 Điều 15 nộp giấy khai sinh một lần hay phải nộp lại hằng năm?",,
703,d3_s0715_N4_v2,What happens to a component's state when React removes that component from the tree?,What happens to a component's state when React keeps that component in the tree?,,
704,d1_s0022_N3_v2,Is Stanford's Uncertainty in Engineering course an undergraduate or graduate level course?,Is MIT's Uncertainty in Engineering course an undergraduate or graduate level course?,,
705,d3_s0022_N5_v1,Why is Django 4.2 the first Django version to support Python 3.9?,Why is Django 4.2 the last Django version to support Python 3.9?,,
706,d5_s0176_N6_v1,Nếu cơ sở đào tạo tổ chức đánh giá luận văn thạc sĩ quá 03 tháng kể từ khi nộp dự thảo thì xử lý thế nào?,Cơ sở đào tạo phải tổ chức đánh giá luận văn thạc sĩ trong thời gian tối đa bao lâu kể từ khi học viên nộp dự thảo luận văn?,,
707,d3_s0607_P3_v2,"What new features did React 19 introduce, according to the React videos page?",react 19 new features?? (videos page),,
708,d2_s0207_N5_v1,What was the largest margin by which TableILP outperformed any previous MLN-based structured reasoning system on science QA?,By how much did TableILP outperform the best previous MLN-based structured reasoning system on the science QA task?,,
709,d3_s0511_P3_v4,"Who wrote the April 2025 React Labs post about View Transitions and Activity, and when was it published?",react labs 2025 view transitions/activity post - writer and pub date pls,,
710,d5_s0283_N6_v1,Sinh viên hệ niên chế bị buộc thôi học sau 3 năm do điểm trung bình chung tích lũy thấp có được bảo lưu kết quả không?,"Theo niên chế, sinh viên bị buộc thôi học khi điểm trung bình chung tích lũy dưới bao nhiêu sau 3 năm học?",,
711,d3_s0255_N1_v1,What are the four roles in Django's ticket triage workflow?,What are the ticket stages in Django's triage workflow?,,
712,d2_s0088_N6_v2,What dimensionality requirement does MVCNN impose on input word embeddings that MGNC-CNN avoids?,How does MGNC-CNN handle embeddings of different dimensionalities?,,
713,d3_s0356_P1_v4,How long before a Django security reporter gets an initial confirmation?,How quickly should someone reporting a Django security issue expect an initial acknowledgment?,,
714,d2_s0643_N3_v1,By what factor did morphological segmentation reduce the Tamil target vocabulary size?,By what factor did morphological segmentation reduce the Hindi target vocabulary size?,,
715,d4_s0680_N4_v4,Which age groups rarely develop an abdominal aortic aneurysm?,"Where in the body does an abdominal aortic aneurysm occur, and who is most commonly affected?",,
716,d3_s0013_N2_v2,Why was Django originally created?,Why were Python web frameworks originally created?,,
717,d3_s0674_N5_v1,Which task comes first in the Prague itinerary example's initial list?,"What are the three initial tasks in the Prague itinerary example, and which one is marked as done?",,
718,d2_s0108_N6_v2,How were the English Wikipedia documents preprocessed before training the CLSTM?,What two large-scale corpora were used to train the CLSTM and baseline LSTM models?,,
719,d1_s0522_N3_v1,In which term and at what level was MIT's 10.568 Polymer Science Laboratory taught?,In which term and at what level was MIT's 10.467 Polymer Science Laboratory taught?,,
720,d4_s0125_P1_v1,"What is the most common type of anal cancer in the United States, and what is its main cause?","Which type of anal cancer occurs most often in the US, and what mainly causes it?",,
721,d2_s0634_N3_v2,How many characters are tweets restricted to according to this paper?,How many characters are SMS messages restricted to according to this paper?,,
722,d2_s0383_N5_v1,How does the classification accuracy from the worst generative model's dataset compare to that of the original SNLI dataset?,How does the classification accuracy from the best generative model's dataset compare to that of the original SNLI dataset?,,
723,d2_s0532_P3_v3,what algo is proposd 2 train dnn's durin disaster sitations,What kind of algorithm do the authors propose to train DNNs during disaster situations?,,
724,d1_s0669_N3_v2,At which lectures are problem sets 1 through 4 due in 10.569?,At which lectures are problem sets 1 through 4 due in 10.675J?,,
725,d4_s0270_N1_v2,What are the signs and symptoms of juvenile myelomonocytic leukemia?,What is juvenile myelomonocytic leukemia and which age group does it typically affect?,,
726,d5_s0309_N2_v1,Nghị định về học phí (VBHN 07/2023/BGDĐT) quy định về những nội dung gì?,Nghị định về học phí (VBHN 07/2023/BGDĐT) quy định những nội dung gì đối với cơ sở giáo dục đại học công lập?,,
727,d5_s0027_N6_v1,"Cơ quan nào chủ trì quản lý nhà nước về học phí và giá dịch vụ trong lĩnh vực giáo dục, đào tạo?",Cơ quan chủ trì quản lý nhà nước về học phí phải báo cáo Chính phủ theo định kỳ nào?,,
728,d1_s0451_N3_v1,"What is the required course text for MIT's 10.40 Chemical Engineering Thermodynamics, with ISBN?","What is the required course text for MIT's 10.37 Chemical and Biological Reaction Engineering, with ISBN?",,
729,d5_s0355_N5_v1,"Hồ sơ dự toán kinh phí miễn, giảm học phí của trường mầm non, tiểu học, THCS công lập được gửi về đâu để thẩm định?","Cơ quan nào là nơi cuối cùng nhận hồ sơ dự toán kinh phí miễn, giảm học phí của trường mầm non, tiểu học, THCS công lập?",,
730,d3_s0092_N2_v2,What happens if multiple Django sites run in a single mod_wsgi process without using daemon mode?,What happens if multiple Python web applications run in a single mod_wsgi process without daemon mode?,,
731,d5_s0101_N5_v1,"Nhóm nội dung tư vấn, hỗ trợ sinh viên được nêu đầu tiên tại khoản 2 Điều 10 là nhóm nào?","Điều 10 khoản 2 của Thông tư quy định những nhóm nội dung tư vấn, hỗ trợ sinh viên nào?",,
732,d1_s0404_N2_v1,Who ran the design project section of MIT's Separation Processes (10.32) in Spring 2005?,Who is the instructor for MIT's Separation Processes (10.32) course as taught in Spring 2005?,,
733,d5_s0349_N1_v1,Học sinh tiểu học tư thục nộp đơn đề nghị hỗ trợ tiền đóng học phí cho ai và trong thời hạn nào?,Học sinh tiểu học tư thục được hỗ trợ tiền đóng học phí sử dụng mẫu đơn theo phụ lục nào?,,
734,d2_s0059_N3_v2,Who proposed conceptual spaces and what are they based on?,Who proposed conceptual graphs and what are they based on?,,
735,d4_s0101_P2_v1,Explain the distinction between mycosis fungoides and Sézary syndrome.,What distinguishes Sézary syndrome from mycosis fungoides?,,
736,d3_s0600_P3_v4,"How many React components does the Facebook codebase contain, according to the versioning policy page?","versioning policy page - react components in facebook codebase, how many",,
737,d3_s0027_N3_v1,How do you manually clear Django's recorded list of executed queries?,How do you manually clear Django's cache of compiled templates?,,
738,d2_s0738_N6_v1,Why is the first MUC challenge considered an early milestone in NER research?,"In what year did the first MUC challenge take place, marking an early milestone in NER research?",,
739,d3_s0325_N2_v2,When were all of the stable/1.x branches created?,When was the stable/1.5.x branch created?,,
740,d5_s0353_N4_v1,Mức hỗ trợ đóng học phí cho học sinh tiểu học công lập do cơ quan nào phê duyệt?,Mức hỗ trợ đóng học phí cho học sinh tiểu học tư thục do cơ quan nào phê duyệt?,,
741,d1_s0320_N6_v2,How many homework assignments are listed for the 1.061 course?,Are solutions provided for the 1.061 homework assignments?,,
742,d5_s0142_P1_v3,"Thông tư 40/2026/TT-BGDĐT thay thế văn bản nào của Bộ Lao động - Thương binh và Xã hội, ban hành ngày nào?","Thông tư 40/2026/TT-BGDĐT thay cho thông tư nào của Bộ Lao động - Thương binh và Xã hội, ký ngày bao nhiêu?",,
743,d5_s0026_P2_v4,Ai ban hành tiêu chuẩn kiểm định chất lượng đối với cơ sở giáo dục nghề nghiệp?,"Đối với cơ sở giáo dục nghề nghiệp, tiêu chuẩn kiểm định chất lượng do ai ban hành?",,
744,d4_s0688_N1_v2,What symptoms of abetalipoproteinemia appear in the first few months of life?,What treatment is given for abetalipoproteinemia?,,
745,d1_s0196_N2_v2,"Into how many major sections is the 1.040 course material divided, and what are they?",What topics fall under the Project Control section of the 1.040 course material?,,
746,d2_s0572_P3_v1,"As of October 2016, how many citations did PubMed contain, and how many were added in the first three quarters of that year?",as of oct 2016 how many citations did pubmed have n how many were added in the first 3 quarters?,,
747,d2_s0561_N3_v1,"What percentage of gang-related homicide victims are innocent bystanders, according to the CDC data cited in the paper?","What percentage of gang-related homicide victims are innocent bystanders, according to the FBI data cited in the paper?",,
748,d2_s0263_N6_v2,How large is the entity library that Deep Entity Recognition (DeepER) searches over?,What is Deep Entity Recognition (DeepER) and what does it allow?,,
749,d1_s0586_N1_v1,How many lecture sessions does the biocatalysis course have and over how many weeks?,What are the prerequisites for the biocatalysis course?,,
750,d2_s0670_N1_v2,What is the source of the annotated dataset created for this trolling research?,What label categories are used in the annotated trolling dataset?,,
751,d2_s0174_N4_v2,What does the acronym SERA stand for in this paper's proposed evaluation metric?,Does the acronym SERA stand for Summarization Evaluation by Irrelevance Analysis in this paper?,,
752,d1_s0721_N1_v2,Who is the guest speaker for the Session 3 class on the Ethical Underpinnings of Development?,What topics are covered in the Session 3 class on the Ethical Underpinnings of Development?,,
753,d4_s0115_N6_v1,What are the risk factors for childhood Hodgkin lymphoma?,Can the risk factors for childhood Hodgkin lymphoma be avoided?,,
754,d5_s0052_P2_v4,Nếu một người làm nhiều nhiệm vụ khác nhau trong cùng một ngày khi tổ chức kỳ thi thì được chi trả như thế nào?,Tôi làm nhiều nhiệm vụ khác nhau trong cùng một ngày thi thì được trả tiền theo nguyên tắc nào?,,
755,d1_s0319_P1_v1,How much of the overall grade is homework worth in 1.061?,What percentage of the final grade does homework count for in 1.061?,,
756,d2_s0056_P2_v4,What words does the paper give as examples of linguistic hedges?,What are the examples of linguistic hedges given by the paper?,,
757,d5_s0211_N1_v1,Thời gian đào tạo chuẩn của hình thức đào tạo thường xuyên do ai quyết định?,Thời gian đào tạo chuẩn của hình thức đào tạo thường xuyên phải dài hơn hình thức chính quy bao nhiêu?,,
758,d5_s0355_N4_v4,"Hồ sơ dự toán kinh phí miễn, giảm học phí của trường mầm non, tiểu học, THCS ngoài công lập được gửi về đâu để thẩm định?","Hồ sơ dự toán kinh phí miễn, giảm học phí của trường mầm non, tiểu học, THCS công lập được gửi về đâu để thẩm định?",,
759,d3_s0456_N6_v2,What new Hook is React planning to add for unwrapping Promises on the client?,Which React release will make the `use` Hook stable on the client?,,
760,d5_s0039_N6_v1,Mức trần giá dịch vụ đào tạo thạc sĩ và tiến sĩ được tính như thế nào so với mức trần đào tạo đại học?,Cơ sở đào tạo thu giá dịch vụ đào tạo thạc sĩ vượt mức trần thì bị xử lý như thế nào?,,
761,d1_s0710_N1_v1,What is Assignment 4 for Methods of Policy Analysis about?,When is Assignment 4 for Methods of Policy Analysis due?,,
762,d1_s0716_N2_v1,What three components make up the final project in Introduction to International Development?,What sections make up the outline portion of the final project in Introduction to International Development?,,
763,d2_s0464_N4_v3,On what numerical scale is reference intensity measured in this paper?,Which numerical scale does the paper reject for measuring reference intensity?,,
764,d3_s0002_N1_v2,Which two User model fields must both be True for a user to access the Django admin?,How do I check in a template whether the current user can access the Django admin?,,
765,d4_s0161_N1_v1,How are CNS embryonal tumors treated?,What kind of cells do CNS embryonal tumors begin in?,,
766,d3_s0248_N1_v1,Which branch does a contributor create in their Django clone before making changes?,What two git remotes does a contributor set up when starting to work on Django from their fork?,,
767,d2_s0299_N2_v1,How many languages' datasets were used to compare only the neural PoS tagging systems in this study?,How many languages' datasets were used to compare the four PoS tagging systems in this study?,,
768,d2_s0021_P2_v4,The paper needs some text resource to project annotations and learn cross-lingual word embeddings with no training data or tag dictionaries — which one is it?,What text resource does the paper rely on for annotation projection and learning cross-lingual word embeddings when no training data or tag dictionaries are available?,,
769,d5_s0266_P1_v1,Giảng viên nước ngoài phải đứng lớp tối thiểu bao nhiêu phần trăm khối lượng chương trình liên kết đào tạo và cần bằng cấp tối thiểu nào?,"Giảng viên của cơ sở giáo dục đại học nước ngoài phải trực tiếp giảng dạy tối thiểu bao nhiêu phần trăm khối lượng chương trình liên kết đào tạo, và cần trình độ tối thiểu gì?",,
770,d5_s0333_P1_v1,Trẻ mầm non 5 tuổi ngoài vùng đặc biệt khó khăn bắt đầu được miễn học phí kể từ năm học nào?,Trẻ em mầm non 5 tuổi không thuộc vùng đặc biệt khó khăn được miễn học phí từ năm học nào?,,
771,d2_s0598_N1_v2,On which three tasks were QRNNs evaluated in this paper?,How is a QRNN layer structured in this paper?,,
772,d2_s0513_P1_v1,"In the WMT16 test set example, which German word did the NMT system wrongly generate for 'goalie', and what was the correct one?","In the WMT16 test set example, what German word did the NMT system incorrectly produce for the English word 'goalie', and what should it have been?",,
773,d5_s0223_N3_v2,Văn bản hợp nhất 07/VBHN-BGDĐT năm 2019 do cơ quan nào ban hành và quy định về nội dung gì?,Văn bản hợp nhất 07/VBHN-BGDĐT năm 2023 do cơ quan nào ban hành và quy định về nội dung gì?,,
774,d4_s0669_P2_v2,What are the two most common symptoms of achalasia?,Achalasia most commonly causes which two symptoms?,,
775,d5_s0251_N2_v1,Luận án được coi là đạt yêu cầu thẩm định về liêm chính học thuật khi có tỷ lệ bao nhiêu thành viên đồng ý?,Luận án được coi là đạt yêu cầu thẩm định khi có tỷ lệ bao nhiêu thành viên Hội đồng thẩm định đồng ý?,,
776,d2_s0087_N3_v2,What is MGNC-CNN and how does it process multiple word embedding sets?,What is MVCNN and how does it process multiple word embedding sets?,,
777,d4_s0773_N2_v1,What hand and foot features characterize Albright's hereditary osteodystrophy?,What physical features characterize Albright's hereditary osteodystrophy?,,
778,d3_s0679_N3_v2,"If a component is exported with `export default function Button() {}`, what is the correct way to import it?","If a component is exported with `export default function Profile() {}`, what is the correct way to import it?",,
779,d4_s0089_N6_v1,Why is follicular lymphoma diagnosed mostly in people 50 and older?,"What is the most common type of indolent non-Hodgkin lymphoma, and what age group is most often diagnosed with it?",,
780,d5_s0328_P2_v3,Học phí chương trình đạt chuẩn kiểm định tại cơ sở giáo dục nghề nghiệp công lập bị giới hạn ở mức gấp bao nhiêu lần mức trần tại điểm a khoản 2 Điều 10?,Chương trình đào tạo đã đạt chuẩn kiểm định tại cơ sở giáo dục nghề nghiệp công lập được thu học phí tối đa gấp bao nhiêu lần mức trần quy định tại điểm a khoản 2 Điều 10?,,
781,d4_s0695_N5_v2,What causes achondrogenesis type 2 and how is it typically inherited?,What is the least common inheritance pattern reported in achondrogenesis type 2?,,
782,d5_s0050_N6_v1,Cơ sở dữ liệu quốc gia về dân cư do cơ quan nào chia sẻ cho cơ quan giải quyết thủ tục miễn giảm học phí?,"Trong trường hợp nào học sinh, sinh viên không phải nộp giấy tờ để hưởng chính sách miễn giảm học phí?",,
783,d4_s0717_N3_v1,"How commonly is appendix cancer found, and how is it typically discovered?","How commonly is gallbladder cancer found, and how is it typically discovered?",,
784,d5_s0282_P1_v3,Sinh viên năm thứ hai học theo niên chế cần điểm trung bình cả năm tối thiểu bao nhiêu điểm trên thang 10 để được tiếp tục lên năm sau?,"Theo hình thức niên chế, sinh viên năm thứ hai cần đạt điểm trung bình năm học tối thiểu bao nhiêu (thang điểm 10) để được học tiếp lên năm sau?",,
785,d2_s0118_P2_v2,The Bayesian model proposed for multilingual unsupervised semantic role induction — what idea is it built on?,What is the core idea behind the Bayesian model proposed for multilingual unsupervised semantic role induction?,,
786,d1_s0452_P3_v3,"When is Problem Set 1 due in course 10.40, and what topic does it cover?",hey wats the due session and topic for ps1 in 10 40,,
787,d5_s0345_N6_v2,"Hiệu trưởng trường mầm non, tiểu học, THCS có bao nhiêu ngày làm việc để xét duyệt hồ sơ miễn giảm học phí kể từ khi nhận đơn?","Kết quả xét duyệt hồ sơ miễn giảm học phí của hiệu trưởng trường mầm non, tiểu học, THCS được thông báo bằng hình thức nào?",,
788,d4_s0464_N4_v1,What is renal cell cancer also called?,What is renal cell cancer no longer called in current terminology?,,
789,d1_s0418_P2_v4,"How many total class sessions does the 10.34 course calendar list, and what happens at the final one?",I want the number of class sessions in 10.34 and a description of its final session.,,
790,d1_s0181_P3_v1,"How often do lectures and recitations meet in MIT course 1.033, and how long is each session?",1.033 lectures n recitations meet how often per week n how long each?,,
791,d1_s0417_P3_v2,10.34 quiz1 + quiz2 — which sessions??,When do Quiz 1 and Quiz 2 occur in the 10.34 course schedule?,,
792,d3_s0767_P3_v4,What is React Compiler and when does it perform its optimization?,"react compiler what is it + when does it optimize, short pls",,
793,d2_s0134_N1_v2,What do the letters M and V stand for in the name MVCNN?,On which task was MVCNN evaluated?,,
794,d3_s0305_N5_v4,What is the relationship between the Django Project and the Django Software Foundation?,"Which came first, the Django Project or the Django Software Foundation?",,
795,d5_s0347_N5_v2,"Hạn nộp muộn nhất của giấy xác nhận hộ nghèo, hộ cận nghèo là khi nào?","Người học thuộc diện hộ nghèo, hộ cận nghèo cần nộp bổ sung giấy tờ gì và vào thời điểm nào?",,
796,d4_s0297_P3_v3,what r the three tumour markrs for detecting extragonadal germ cell tumors idk,Which three tumor markers are used to help detect extragonadal germ cell tumors?,,
797,d2_s0560_P1_v1,"According to the paper, how many Americans belong to a street gang?","According to the paper, how many people in the United States are members of a street gang?",,
798,d4_s0094_N1_v2,"What causes AIDS, and how does it affect the immune system?",How is HIV passed from one person to another?,,
799,d5_s0097_P3_v4,dieu 7 k3: cac loai hđ cho sv va muc tieu la nhu the nao?,Điều 7 khoản 3 yêu cầu tổ chức những loại hoạt động nào cho sinh viên và nhằm mục đích gì?,,
800,d4_s0358_P1_v4,What is gallbladder cancer and where is the gallbladder located in the body?,"What is cancer of the gallbladder, and in which part of the body is the gallbladder found?",,
801,d2_s0152_P3_v1,Why does 'with soap' attach to the verb 'washed' rather than to 'jeans' in the sentence 'I washed the jeans with soap'?,why does 'with soap' attach to washed not jeans in 'i washed the jeans with soap'?,,
802,d1_s0034_N5_v2,"Who first taught MIT's 1.010 Uncertainty in Engineering, and in which term?",Who taught MIT's 1.010 Uncertainty in Engineering course and in which term?,,
803,d2_s0372_P1_v4,What is identified as one of the state-of-the-art methods for supervised domain adaptation?,What technique is described as one of the best current methods for supervised domain adaptation?,,
804,d5_s0171_N2_v2,"Hoạt động thực hành, thực tập tổ chức ngoài phạm vi cơ sở đào tạo được chiếm tối đa bao nhiêu phần trăm tổng khối lượng chương trình đào tạo?","Hoạt động thực hành, thực tập ngoài cơ sở đào tạo chiếm tối đa bao nhiêu phần trăm khối lượng khối kiến thức chuyên ngành?",,
805,d1_s0318_N1_v2,How is Transport Processes in the Environment (1.061) graded?,Who is the instructor for Transport Processes in the Environment (1.061)?,,
806,d4_s0101_P2_v3,What distinguishes Sézary syndrome from mycosis fungoides?,"I would like to know how these two conditions, mycosis fungoides and Sézary syndrome, are told apart.",,
807,d2_s0721_N5_v1,What is the smallest training subset size reported for the NTCIR-CE patent translation task?,"How many sentences does the NTCIR-CE patent translation task use for training, development, and testing?",,
808,d4_s0253_N5_v1,What is the shortest time in which chronic eosinophilic leukemia can turn into acute leukemia?,Can chronic eosinophilic leukemia turn into acute leukemia?,,
809,d3_s0456_P1_v1,What new Hook is React planning to add for unwrapping Promises on the client?,Which upcoming Hook will React introduce for unwrapping Promises on the client?,,
810,d4_s0681_N6_v1,Why are ruptured abdominal aortic aneurysms so often fatal?,"What percentage of abdominal aortic aneurysms rupture, and what is the typical outcome?",,
811,d4_s0724_N2_v2,"Besides the head and neck, where else can adenoid cystic carcinoma occur?","Besides the head and neck, which sites in the female reproductive tract can adenoid cystic carcinoma affect?",,
812,d2_s0175_P2_v1,Which dataset did the authors use to compare ROUGE scores with manual Pyramid scores?,Name the dataset the authors used for comparing ROUGE scores with manual Pyramid scores.,,
813,d2_s0542_N6_v1,How many people and how many gangs are estimated to be active in the United States?,"What harm do the 33,000 active gangs in the United States cause each year?",,
814,d4_s0016_N1_v1,How are the common symptoms of CLL treated?,What are common signs and symptoms of CLL?,,
815,d1_s0562_N1_v2,How many units is 10.491 Integrated Chemical Engineering II worth?,Who teaches 10.491 Integrated Chemical Engineering II and in what term?,,
816,d5_s0141_P3_v3,TT 40/2026/TT-BGDĐT thay thé quyết định nào bh 29/8/2007 ạ,Thông tư 40/2026/TT-BGDĐT thay thế quyết định nào được ban hành ngày 29/8/2007?,,
817,d2_s0592_P1_v3,How does the model work out the balance between word-level and character-level representations for each word?,How does the model decide how much to rely on word-level versus character-level representations for a word?,,
818,d5_s0088_N2_v2,"""Sinh viên ngoại trú có hoàn cảnh khó khăn"" được Thông tư 40/2026/TT-BGDĐT định nghĩa ra sao?","""Sinh viên ngoại trú"" được Thông tư 40/2026/TT-BGDĐT định nghĩa ra sao?",,
819,d5_s0189_N6_v1,"Người hướng dẫn phải xác nhận đề tài luận án tiến sĩ và đề xuất Hiệu trưởng phê duyệt trong thời hạn bao lâu, tính từ mốc thời gian nào?",Nếu quá thời hạn mà đề tài luận án tiến sĩ chưa được phê duyệt thì nghiên cứu sinh bị xử lý thế nào?,,
820,d2_s0642_N1_v2,On which language pair was the Word2Vec-enhanced RNNSearch model evaluated?,"By how much did Word2Vec embeddings improve BLEU score over the baseline RNNSearch model, and what was that baseline's BLEU score?",,
821,d3_s0324_P2_v4,What was Django's main branch called before March 2021?,Which name was Django's main branch given before March 2021?,,
822,d1_s0516_N3_v1,What are the prerequisites for MIT's 10.302 Transport Processes?,"What are the prerequisites for MIT's 10.450 Process Dynamics, Operations, and Control?",,
823,d3_s0269_P1_v2,What testing framework does Django use for its JavaScript tests?,What framework does Django use to test its JavaScript?,,
824,d2_s0087_P2_v2,"How are multiple sets of word embeddings processed by MGNC-CNN, and what is MGNC-CNN itself?",What is MGNC-CNN and how does it process multiple word embedding sets?,,
825,d2_s0200_P1_v3,What data source and sampling method were used to build the causal-statement Twitter corpus?,From what data source and with what sampling strategy was the corpus of causal statements from Twitter assembled?,,
826,d5_s0093_N4_v1,"Nội dung tuyên truyền, giáo dục pháp luật cho sinh viên không bao gồm những gì?","Nội dung tuyên truyền, giáo dục pháp luật cho sinh viên bao gồm những gì?",,
827,d1_s0567_N4_v4,"What course must a student take concurrently with, rather than before, 10.491 Integrated Chemical Engineering II?",What course must a student have taken before enrolling in 10.491 Integrated Chemical Engineering II?,,
828,d5_s0069_N5_v1,"Việc lập dự toán kinh phí miễn, giảm học phí hàng năm căn cứ vào những văn bản nào?","Trong các văn bản căn cứ lập dự toán kinh phí miễn, giảm học phí, văn bản nào có hiệu lực pháp lý cao nhất?",,
829,d4_s0460_P3_v2,wats zolinger-ellison syndrom?,What is Zollinger-Ellison syndrome?,,
830,d3_s0168_N4_v1,"In the overriding-templates example, what two templates does the third-party 'blog' app provide?","In the overriding-templates example, which templates does the third-party 'blog' app not provide?",,
831,d5_s0176_P1_v1,"Kể từ khi học viên nộp dự thảo luận văn, cơ sở đào tạo phải tổ chức đánh giá luận văn thạc sĩ trong thời hạn tối đa là bao lâu?",Cơ sở đào tạo phải tổ chức đánh giá luận văn thạc sĩ trong thời gian tối đa bao lâu kể từ khi học viên nộp dự thảo luận văn?,,
832,d2_s0016_N4_v2,Which components of the dynamic neural module network are kept fixed during training?,What are the two jointly trained components of the dynamic neural module network model?,,
833,d5_s0055_N2_v2,"Các mức chi hỗ trợ cho học sinh trong quá trình tập huấn, thi học sinh giỏi được quy định theo những điều khoản nào?","Mức chi hỗ trợ tiền ăn cho học sinh trong quá trình tập huấn, thi học sinh giỏi được quy định theo điều khoản nào?",,
834,d2_s0394_N3_v1,How much did the proposed dependency word pair reordering approach improve BLEU score on Chinese-to-English translation?,How much did the proposed dependency word pair reordering approach improve BLEU score on English-to-Chinese translation?,,
835,d2_s0239_N1_v2,"How many tweets were manually annotated to train the assertion classifier, and how many of them contained assertions?",What F1 score did the assertion classifier reach on held-out tweets?,,
836,d4_s0693_N2_v1,"How many forms of achondrogenesis are there, and what are they called?","How many subtypes does achondrogenesis type 2 have, and what are they called?",,
837,d3_s0653_N4_v2,"What is React, according to the React docs?","What does React deliberately leave out, according to the React docs?",,
838,d2_s0094_N2_v2,Which existing parser architecture does the MaLOPa model extend?,Which line of parsing research does MaLOPa belong to?,,
839,d4_s0491_P2_v4,What type of breast cancer do most men with breast cancer have?,Describe the type of breast cancer that is seen in most men with the disease.,,
840,d5_s0310_P3_v3,Nghị định này áp dụng cho những đối tượng nào?,cho e hoi doi tuong ap dung cua nghi dinh nay la nhung ai ntn?,,
841,d1_s0494_N5_v2,What is the fewest sessions listed in any week of the 10.445 course calendar?,How many total class sessions does the 10.445 course calendar list?,,
842,d4_s0064_N5_v2,What birth-related factor may increase a child's risk of embryonal rhabdomyosarcoma?,What is the largest birth weight linked to embryonal rhabdomyosarcoma risk?,,
843,d5_s0323_N3_v1,Khung học phí năm học 2022-2023 đối với bậc mầm non và tiểu học công lập ở khu vực thành thị dao động trong khoảng nào?,Khung học phí năm học 2022-2023 đối với bậc mầm non và tiểu học công lập ở khu vực nông thôn dao động trong khoảng nào?,,
844,d3_s0506_N5_v1,What is the most recent year Create React App received a release?,In what year was Create React App originally released?,,
845,d4_s0805_N2_v2,What does treatment for ATRX syndrome typically involve?,How are X-linked intellectual disability syndromes generally treated?,,
846,d5_s0112_P3_v1,dieu 15 khoan 1 bat truong lam ke hoach hang nam de lam j v?,Điều 15 khoản 1 yêu cầu nhà trường xây dựng kế hoạch hằng năm để làm gì?,,
847,d4_s0382_N5_v3,What type of cell does Langerhans cell histiocytosis begin in?,Which cell type is most abundant in a Langerhans cell histiocytosis lesion?,,
848,d5_s0097_N3_v1,Điều 7 khoản 3 yêu cầu tổ chức những loại hoạt động nào cho sinh viên và nhằm mục đích gì?,Điều 7 khoản 4 yêu cầu tổ chức những loại hoạt động nào cho sinh viên và nhằm mục đích gì?,,
849,d5_s0191_N4_v2,"Trong chương trình đào tạo tích hợp, người học có được miễn các học phần chưa được công nhận không?","Trong chương trình đào tạo tích hợp, người học có phải học lại các học phần hoặc nội dung đã được công nhận trước đó không?",,
850,d5_s0006_N2_v2,Tổng học phí toàn khóa của một chương trình đào tạo giáo dục nghề nghiệp được tính theo công thức nào?,"Tổng học phí toàn khóa của các chương trình đào tạo nói chung, gồm cả đại học, được tính theo công thức nào?",,
851,d1_s0496_N3_v2,"At which session is Problem set 1 due, and what topic is covered that session?","At which session is Problem set 3 due, and what topic is covered that session?",,
852,d1_s0538_N2_v2,How many problem sets are assigned in this chemical engineering course?,How many assignments of all kinds are given in this chemical engineering course?,,
853,d2_s0635_P1_v2,What topic and time period does the tweet dataset used in this study cover?,What is the theme and the collection period of the Twitter dataset used in this work?,,
854,d4_s0452_N5_v1,How long is the pancreas and what shape is it described as having?,What is the maximum length the pancreas can reach in an adult?,,
855,d1_s0496_N4_v3,"At which session is Problem set 1 due, and what topic is covered that session?","After which session is Problem set 1 no longer accepted, and what topic is covered then?",,
856,d3_s0292_N5_v1,What is the shortest notice Django's security distribution list may be given before a security release?,How far in advance must Django's security distribution list be notified before a security release?,,
857,d5_s0106_N2_v1,"Theo Điều 12 khoản 1, nhà trường thực hiện những công việc tổ chức, hành chính gì đối với sinh viên mới trúng tuyển?","Theo Điều 12 khoản 1, việc chỉ định Ban Cán sự lâm thời lớp sinh viên được thực hiện theo trình tự nào?",,
858,d4_s0736_N5_v2,Which single gene is most commonly linked to causing AVMD?,Which genes have historically been linked to causing AVMD?,,
859,d2_s0093_P2_v2,I'd like to know both what MaLOPa abbreviates and the idea at its heart.,"What does the acronym MaLOPa stand for, and what is the core idea behind it?",,
860,d4_s0489_P1_v4,What is the usual age range for detecting breast cancer in men?,At what age range is male breast cancer usually detected?,,
861,d4_s0239_N3_v2,What happens to the bone marrow in primary myelofibrosis?,What happens to the bone marrow in aplastic anemia?,,
862,d3_s0248_N4_v3,What git remotes does a contributor set up when working on Django without forking it?,What two git remotes does a contributor set up when starting to work on Django from their fork?,,
863,d1_s0424_P2_v2,What materials can students use to prepare for quizzes and the final exam in 10.34?,List the materials provided to 10.34 students for quiz and final exam preparation.,,
864,d4_s0573_N5_v1,How does lung cancer rank among cancers in the United States in terms of death and frequency?,Which cancer is the second leading cause of cancer death in the United States?,,
865,d1_s0249_P2_v1,Give me the edition and publisher of the Nilson textbook used for some problems in 1.051.,What edition and publisher is the Nilson textbook used for some problems in 1.051?,,
866,d3_s0374_P3_v3,What CSS rule is added to make the polls question links green in the Django tutorial?,which css rule is addd to make polls question links green in djangos tutorial,,
867,d4_s0442_N4_v1,What proportion of salivary gland tumors are malignant?,What proportion of salivary gland tumors are benign?,,
868,d4_s0288_P2_v1,Explain what endometrial cancer is.,What is endometrial cancer?,,
869,d4_s0495_N5_v1,What is the highest reported rate of breast cancer during pregnancy?,How often does breast cancer occur during pregnancy?,,
870,d3_s0168_N2_v2,"In the overriding-templates example, what two templates does the third-party 'blog' app provide?","In the overriding-templates example, what does the third-party 'blog' app provide besides templates?",,
871,d2_s0090_N2_v1,How does the pre-training stage of MVCNN alone compare in time to MGNC-CNN's training?,How does the training time of MVCNN compare to that of the proposed MGNC-CNN architecture?,,
872,d5_s0216_N3_v1,Đào tạo theo niên chế được định nghĩa như thế nào?,Đào tạo theo tín chỉ được định nghĩa như thế nào?,,
873,d2_s0495_N6_v2,Why does standard LDA perform poorly when applied directly to tweets?,How do the authors increase word co-occurrence in tweets before running LDA?,,
874,d3_s0769_P3_v4,What two use cases does React Compiler's automatic memoization primarily focus on?,REACT COMPILER auto memo... focuses on which two use cases mainly??,,
875,d5_s0167_N3_v1,Cơ sở giáo dục đại học nước ngoài tham gia liên kết đào tạo phải đáp ứng yêu cầu kiểm định chất lượng nào?,Cơ sở giáo dục đại học Việt Nam tham gia liên kết đào tạo phải đáp ứng yêu cầu kiểm định chất lượng nào?,,
876,d5_s0266_N4_v2,Giảng viên nước ngoài có trình độ dưới thạc sĩ có được tham gia giảng dạy chương trình liên kết không?,"Giảng viên của cơ sở giáo dục đại học nước ngoài phải trực tiếp giảng dạy tối thiểu bao nhiêu phần trăm khối lượng chương trình liên kết đào tạo, và cần trình độ tối thiểu gì?",,
877,d5_s0313_P2_v2,Tiêu chuẩn kiểm định chất lượng đối với cơ sở giáo dục nghề nghiệp do ai ban hành?,Ai có thẩm quyền ban hành tiêu chuẩn kiểm định chất lượng đối với cơ sở giáo dục nghề nghiệp?,,
878,d1_s0734_P2_v1,"Who taught 11.002J Making Public Policy in Fall 2014, and at what level?","For Fall 2014's 11.002J Making Public Policy, give me the instructors and the level it was taught at.",,
879,d3_s0267_N2_v1,Which files inside Django's admin contrib app contain JavaScript code?,Which two contrib apps in Django contain JavaScript code?,,
880,d5_s0039_N1_v2,"Giá dịch vụ đào tạo thạc sĩ, tiến sĩ phải được công khai cho người học vào thời điểm nào?",Mức trần giá dịch vụ đào tạo thạc sĩ và tiến sĩ được tính như thế nào so với mức trần đào tạo đại học?,,
881,d1_s0467_N2_v2,"What textbook was required for 10.40, and who wrote it?","What textbooks were required across all Chemical Engineering graduate courses, and who wrote them?",,
882,d2_s0687_N6_v1,What technique does this paper use to explain which words drive a text classifier's prediction?,Why is layer-wise relevance propagation preferred over gradient-based explanation in this paper?,,
883,d1_s0287_P3_v4,1054 concrete structures — how is the grade split in %?,What are the grading percentages for MIT's 1.054 Mechanics and Design of Concrete Structures course?,,
884,d3_s0605_N1_v1,Who delivered the welcome message that kicked off React Conf 2024?,Where was React Conf 2024 held?,,
885,d1_s0716_N2_v2,What components make up all the assignments in Introduction to International Development?,What three components make up the final project in Introduction to International Development?,,
886,d3_s0620_N1_v2,What does the useState Hook take as input and what does it return?,Why does React require useState instead of a plain local variable?,,
887,d5_s0219_N4_v1,Những phương thức tổ chức đào tạo nào được áp dụng cho hình thức đào tạo chính quy và thường xuyên?,Những phương thức tổ chức đào tạo nào không được áp dụng cho hình thức đào tạo chính quy và thường xuyên?,,
888,d1_s0440_P2_v3,Which department offers the course Chemical and Biological Reaction Engineering (10.37)?,I'd like to know under which department Chemical and Biological Reaction Engineering (10.37) is listed.,,
889,d2_s0663_N1_v2,What scores did the approach obtain in the three international contests?,"Which three international contests were used to benchmark the approach, and for which languages?",,
890,d5_s0031_N1_v1,Thủ trưởng cơ sở giáo dục căn cứ vào những yếu tố nào để xác định giá dịch vụ?,Thủ trưởng cơ sở giáo dục có trách nhiệm gì đối với giá dịch vụ do đơn vị mình xác định?,,
891,d1_s0004_P2_v4,"What does the Problem Set 8 images ZIP file contain, and who is credited for the images?","Contents of the images ZIP for Problem Set 8, plus the image attribution?",,
892,d2_s0499_N4_v3,What task does this paper introduce for tweets that do not mention alcohol?,What task does this paper introduce regarding tweets and alcohol use?,,
893,d1_s0582_N3_v1,At what point in the course is the design report distributed to students?,At what point in the course is the problem set distributed to students?,,
894,d5_s0216_P3_v2,đt theo niên chế là gì ạ?,Đào tạo theo niên chế được định nghĩa như thế nào?,,
895,d5_s0205_N4_v2,Thông tư 56/2026/TT-BGDĐT được thay thế bởi văn bản nào?,Thông tư 56/2026/TT-BGDĐT thay thế những văn bản nào?,,
896,d4_s0706_P2_v3,I just read about acute febrile neutrophilic dermatosis — who typically gets it?,Which group of people is most likely to develop acute febrile neutrophilic dermatosis?,,
897,d1_s0490_N4_v2,In what term was MIT's 10.445 Separation Processes for Biochemical Products taught?,In which term was MIT's 10.445 Separation Processes for Biochemical Products cancelled?,,
898,d5_s0131_P3_v2,Ai giữ vai trò Chủ tịch Hội đồng kỷ luật sinh viên của nhà trường?,cho hoi chu tich hd ky luat sv la ai a?,,
899,d5_s0212_P1_v1,Thời gian đào tạo tối thiểu để sinh viên hoàn thành chương trình đào tạo là bao nhiêu?,Thời lượng đào tạo tối thiểu để sinh viên hoàn tất chương trình đào tạo là bao nhiêu?,,
900,d3_s0612_N5_v3,What do you need to install for local development before adding React to an existing project?,What is the latest Node.js version you can install for local development before adding React?,,
901,d2_s0578_P3_v4,What two shortcomings of current encoder-decoder models does this summarization paper address?,TWO shortcomings of currnt encoder decoder models addressed in this summarizatin paper?,,
902,d1_s0187_N4_v1,"Who taught MIT 1.040, Project Management, in Spring 2004 besides Dr. Nathaniel Osgood?","Who taught MIT course 1.040, Project Management, in Spring 2004?",,
903,d1_s0391_N3_v2,"What is the required textbook for Numerical Methods (10.34), and what is its ISBN?","What is the required textbook for Separation Processes (10.32), and what is its ISBN?",,
904,d2_s0033_N6_v1,"After a user says 'savings account' and it is recognized correctly, what options and perplexity does the second node have?",Why does the second node's perplexity matter for recognition accuracy after 'savings account'?,,
905,d1_s0272_N6_v1,What is the topic of Homework 1 in 1.054 Mechanics and Design of Concrete Structures?,What is the submission format for Homework 1 in 1.054 Mechanics and Design of Concrete Structures?,,
906,d4_s0327_N3_v1,In which age group are extracranial germ cell tumors most common?,In which age group are intracranial germ cell tumors most common?,,
907,d5_s0265_N1_v2,Ai chịu trách nhiệm về tính chính xác của thông tin chương trình đào tạo được công khai?,Cơ sở đào tạo phải công khai những thông tin gì liên quan đến chương trình đào tạo trên trang thông tin điện tử?,,
908,d3_s0262_P3_v2,django python max line len? and y,"What is the maximum line length allowed in Django's Python code, and why?",,
909,d4_s0651_P2_v3,Tell me what puts a person at risk for urethral cancer.,What are the risk factors for urethral cancer?,,
910,d5_s0203_P1_v2,"Luận án không thông qua lần thứ nhất mà được kiến nghị đánh giá lại thì phải tổ chức lại trong bao lâu, và thành phần Hội đồng lần hai có giới hạn gì?","Nếu luận án không được Hội đồng thông qua lần đầu nhưng được kiến nghị đánh giá lại, việc đánh giá lại phải tổ chức trong thời hạn nào và thành phần Hội đồng lần hai bị giới hạn ra sao?",,
911,d4_s0389_N5_v2,Which risk factor contributes least to the chance of developing hypopharyngeal cancer?,What risk factors increase the chance of developing hypopharyngeal cancer?,,
912,d3_s0092_N5_v1,What happens if multiple Django sites run in a single mod_wsgi process without using daemon mode?,"When several Django sites share a mod_wsgi process without daemon mode, are the settings of the site that runs last used?",,
913,d3_s0423_N2_v1,How has Django Debug Toolbar ranked in the Django Developers Survey in recent years?,"How has Django Debug Toolbar ranked among all packages, not only third-party ones, in the Django Developers Survey?",,
914,d3_s0186_N1_v1,What should you do about deprecation warnings when upgrading Django from 2.0 to 2.2?,"What's the recommended approach for upgrading Django across multiple feature versions, e.g. from 2.0 to 2.2?",,
915,d4_s0109_N6_v1,What role does gadolinium play in an MRI used to diagnose primary CNS lymphoma?,What side effects can the gadolinium injection cause during the MRI?,,
916,d5_s0198_P1_v1,Số thành viên tối thiểu của hội đồng đánh giá luận án tiến sĩ là bao nhiêu và tỷ lệ thành viên ngoài trường thấp nhất là bao nhiêu?,Hội đồng đánh giá luận án tiến sĩ phải có ít nhất bao nhiêu thành viên và tỷ lệ thành viên ngoài cơ sở đào tạo tối thiểu là bao nhiêu?,,
917,d4_s0094_N4_v1,"What causes AIDS, and how does it affect the immune system?","What prevents AIDS, and how does it protect the immune system?",,
918,d5_s0017_P1_v3,Học sinh cấp tiểu học học tại cơ sở tư thục ở khu vực không đủ trường công lập được giúp đỡ như thế nào?,Học sinh tiểu học học tại trường tư thục ở địa bàn không đủ trường công lập được hỗ trợ gì?,,
919,d2_s0459_N2_v2,Which research center and university produced this Dutch racism detection study?,Which research centers and universities are cited across all the racism detection work in this paper?,,
920,d2_s0489_P2_v3,I'd like to know which off-the-shelf aligners SA-NMT uses to precompute its training alignments.,Which off-the-shelf word aligners does SA-NMT use to obtain training alignments in advance?,,
921,d5_s0216_N1_v1,Đào tạo theo niên chế được định nghĩa như thế nào?,Đào tạo theo niên chế có ưu điểm và hạn chế gì?,,
922,d2_s0400_P3_v3,Who administers the Winograd Schema Challenge and who sponsors it?,winograd schema challenge - administrator + sponsor?,,
923,d5_s0072_P3_v4,"Nguồn kinh phí thực hiện chế độ miễn, giảm học phí được bố trí từ đâu?",nguon kp thuc hien cd mien giam hphi tu dau vay?,,
924,d1_s0218_P1_v1,"Which session hosts Quiz 1, and which topics are tested on it?","In which session is Quiz 1 held, and what topics does it cover?",,
925,d2_s0339_N6_v2,"On which benchmark task is the system evaluated, and how many relations do the authors learn on?",How is performance on this benchmark task scored for the learned relations?,,
926,d1_s0643_N5_v2,What was the most recent term in which 10.626 Electrochemical Energy Systems ran?,In which term and at what level was 10.626 Electrochemical Energy Systems taught?,,
927,d3_s0291_N6_v1,How are Django's security releases announced to the public?,"What are the three types of releases described in Django's release process, with examples?",,
928,d4_s0396_P3_v3,Which tissues of the oropharynx can oropharyngeal cancer form in?,which tisues of the oropharynx does oropharyngeal cancr form in,,
929,d1_s0375_N4_v4,"In the 10.302 Transport Processes calendar, which session is Problem set 1 not due in?",When is Problem set 1 due in the 10.302 Transport Processes calendar?,,
930,d3_s0186_P2_v3,"What's the recommended approach for upgrading Django across multiple feature versions, e.g. from 2.0 to 2.2?","How is a Django upgrade across multiple feature versions, e.g. from 2.0 to 2.2, recommended to be carried out?",,
931,d4_s0644_N4_v1,How do thymoma and thymic carcinoma differ in how they behave?,How are thymoma and thymic carcinoma alike in how they behave?,,
932,d5_s0215_N1_v2,Quy chế đào tạo trình độ đại học có hiệu lực từ khi nào?,Quy chế đào tạo trình độ đại học quy định về những nội dung chính nào?,,
933,d5_s0061_N3_v1,"Người học thuộc diện hộ nghèo, hộ cận nghèo cần nộp bổ sung giấy tờ gì vào đầu mỗi năm học để tiếp tục được xét miễn, giảm học phí?","Người học thuộc diện hộ nghèo, hộ cận nghèo cần nộp bổ sung giấy tờ gì vào đầu mỗi học kỳ để tiếp tục được xét miễn, giảm học phí?",,
934,d3_s0312_N6_v2,Where can Django's documentation be read as HTML?,Which translations of Django's HTML documentation are available on the docs site?,,
935,d2_s0500_N2_v1,How are tweets labeled as drunk or sober for building the dataset?,How are the held-out test tweets labeled as drunk or sober?,,
936,d4_s0064_N1_v2,What birth-related factor may increase a child's risk of embryonal rhabdomyosarcoma?,How is embryonal rhabdomyosarcoma in children treated?,,
937,d1_s0403_P3_v4,"Besides the exams themselves, what other material is listed on the exams page of Separation Processes?",non-exam material separation processes exams page pls,,
938,d3_s0126_N2_v2,Under what conditions does Django email a 404 whose URL matches IGNORABLE_404_URLS?,Under what conditions does Django send an email about a 404 error?,,
939,d1_s0538_P3_v3,How many problem sets are assigned in this chemical engineering course?,this chemE course — how many psets total,,
940,d2_s0314_N1_v2,What features does the proposed dialog state tracking model take as input?,What technique underlies the proposed dialog state tracking model's inference procedure?,,
941,d4_s0503_N1_v2,How many lobes does each breast typically have?,What are the lobes of the breast made of?,,
942,d2_s0262_P3_v3,What does RAFAEL stand for and what language does it target?,wat does rafael stnad for and whcih language does it targett,,
943,d4_s0203_P3_v1,"How many types of hepatitis virus are there, and which three are the most common?",how many types of hepatitis virus r there n which 3 r most common?,,
944,d2_s0794_N2_v2,"How does this paper define recommendation tasks in general, beyond opinion recommendation?",What is the task of opinion recommendation as defined in this paper?,,
945,d4_s0192_N5_v1,What are the two main types of bile duct cancer?,Which of the two main types of bile duct cancer is more common?,,
946,d5_s0243_N1_v1,"Nghị định về cơ chế thu, quản lý học phí này có hiệu lực từ ngày nào?","Nghị định về cơ chế thu, quản lý học phí này do cơ quan nào ban hành?",,
947,d2_s0596_N1_v1,How does a QRNN layer's speed compare with an LSTM layer's on the same task?,"What are the two types of subcomponents that make up a QRNN layer, and how do they parallelize computation?",,
948,d5_s0335_N2_v1,Học sinh phổ thông không thuộc diện vùng đặc biệt khó khăn được miễn học phí từ năm học nào?,Học sinh trung học cơ sở không thuộc diện vùng đặc biệt khó khăn được miễn học phí từ năm học nào?,,
949,d5_s0315_N1_v1,"Việc điều chỉnh mức giá dịch vụ trong lĩnh vực giáo dục, đào tạo do cơ quan nào quyết định?","Tỷ lệ tăng mức giá dịch vụ trong lĩnh vực giáo dục, đào tạo tối đa là bao nhiêu phần trăm mỗi năm?",,
950,d3_s0740_N6_v2,What is the term for React's behavior of waiting until all code in an event handler has run before processing state updates?,What does React do with the queued state updates once the event handler has finished running?,,
951,d1_s0202_N1_v1,What does Assignment 1 in the Spring 2009 Project Management course ask students to do?,What readings accompany Assignment 1 in the Spring 2009 Project Management course?,,
952,d4_s0335_P1_v4,"What proportion of ovarian cancer cases are hereditary, and what are the three hereditary patterns?","Of all ovarian cancer cases, what fraction is hereditary, and what three hereditary patterns exist?",,
953,d5_s0290_N6_v2,Sinh viên sớm nhất được đăng ký học chương trình thứ hai khi nào?,Bằng tốt nghiệp chương trình thứ hai được cấp khi sinh viên đáp ứng điều kiện gì?,,
954,d3_s0044_N4_v3,"How many people registered for React Conf 2021, and how many views did its talks receive?",How many people watched React Conf 2021 without registering for it?,,
955,d2_s0193_N3_v1,"What languages does this paper's document classification method target, and how does it build language-independent representations?","What languages does this paper's document clustering method target, and how does it build language-independent representations?",,
956,d3_s0133_N1_v2,Which management command loads a Django fixture into the database?,In which file formats can Django fixtures be written?,,
957,d1_s0555_N3_v2,"Who is the instructor of MIT's 10.492 Integrated Chemical Engineering Topics course, and when was it taught?","Who is the instructor of MIT's 10.490 Integrated Chemical Engineering I course, and when was it taught?",,
958,d1_s0535_P1_v1,"How many assignments does 10.490 list, and what additional resource comes with Assignment 2?","How many assignments are listed for 10.490, and what extra resource is provided alongside Assignment 2?",,
959,d3_s0237_P3_v1,what must u do to change a django locales format files?,What must you do to change a Django locale's format files?,,
960,d2_s0018_N6_v1,What does the 'find' module do in the dynamic neural module network?,Why is the output of the 'find' module described as an attention mechanism?,,
961,d4_s0235_P2_v4,What are the main symptoms of polycythemia vera?,Which symptoms are mainly reported by patients with polycythemia vera?,,
962,d3_s0280_N3_v1,What are the basic quickstart steps to run Django's tests after cloning the official repo?,What are the basic quickstart steps to run Django's tests after forking the repo?,,
963,d2_s0523_N1_v2,How much larger is the BookTest dataset compared to the Children's Book Test (CBT)?,What task format do the examples in the BookTest dataset use?,,
964,d4_s0038_P3_v2,What are some other names for childhood acute myeloid leukemia (AML)?,wat else is childhood acute myeloid leukemia calld,,
965,d1_s0213_P2_v2,Tell me the topic of Assignment 4 in 1.050 Engineering Mechanics I.,What topic does Assignment 4 cover in 1.050 Engineering Mechanics I?,,
966,d4_s0084_N1_v2,Is pregnancy considered a risk factor for Hodgkin lymphoma?,What are the symptoms of Hodgkin lymphoma?,,
967,d1_s0218_N4_v2,"Which quiz is not held in Session 16, and what topics does it cover?","In which session is Quiz 1 held, and what topics does it cover?",,
968,d2_s0128_P2_v3,The readability of text documents has traditionally been assessed automatically using what well-known measure?,What well-known measure has traditionally been used in the literature to automatically assess the readability of text documents?,,
969,d3_s0574_P3_v4,Who received special thanks for their guidance and support of React over the years?,who recieved speical thanks for thier guidance and suport of react over the yrs,,
970,d5_s0250_N3_v2,"Bộ Giáo dục và Đào tạo phải thông báo kết quả kiểm tra, thẩm định cho cơ sở đào tạo trong thời hạn bao lâu?","Bộ Giáo dục và Đào tạo phải thông báo kết quả kiểm tra, thẩm định cho người học trong thời hạn bao lâu?",,
971,d3_s0319_N6_v2,How do you migrate code that uses the django.contrib.postgres.aggregates class removed in Django 7.0?,Which class will be removed from django.contrib.postgres.aggregates in Django 7.0?,,
972,d2_s0604_P3_v4,How did Maas et al. use CNN-based acoustic word embeddings in speech recognition?,what did maas et al do w/ cnn acoustic word embeddings in speech recog,,
973,d3_s0761_P1_v3,How do I install React Compiler as a devDependency using npm?,What npm command installs React Compiler as a devDependency?,,
974,d1_s0043_N5_v2,What are the titles of Assignments 3.1 and 3.2 in this course?,What is the title of the last assignment in this course?,,
975,d2_s0158_N6_v1,"What accuracy do current approaches achieve on some question answering datasets, according to the paper?",How much accuracy does the paper's proposed method add on top of that 50% level?,,
976,d5_s0017_N5_v1,Học sinh tiểu học học tại trường tư thục ở địa bàn không đủ trường công lập được hỗ trợ gì?,Học sinh tiểu học học tại trường tư thục ở địa bàn không đủ trường công lập được hỗ trợ tối đa bao nhiêu tiền học phí?,,
977,d5_s0058_N1_v1,"Hồ sơ xin miễn, giảm học phí gửi hiệu trưởng trường mầm non, tiểu học, THCS gồm những giấy tờ gì?","Hiệu trưởng trường mầm non, tiểu học, THCS có bao nhiêu ngày làm việc để xét duyệt hồ sơ miễn giảm học phí kể từ khi nhận đơn?",,
978,d5_s0115_N5_v2,Kết quả rèn luyện của sinh viên được phân thành mấy loại và loại xuất sắc ứng với khoảng điểm nào?,Loại kết quả rèn luyện nào của sinh viên có khoảng điểm rộng nhất?,,
979,d4_s0297_N6_v2,How are the three tumor markers used to follow extragonadal germ cell tumors during treatment?,Which three tumor markers are used to help detect extragonadal germ cell tumors?,,
980,d1_s0550_N1_v1,How is the final grade determined in this course?,What is the passing grade threshold in this course?,,
981,d1_s0618_N4_v2,How many non-lecture sessions per week does 10.571J have and how long is each?,How many lecture sessions per week does 10.571J have and how long is each session?,,
982,d5_s0046_N2_v2,Nghị định 81/2021/NĐ-CP thay thế những văn bản pháp luật nào?,"Ngoài nghị định, Nghị định 81/2021/NĐ-CP còn thay thế những thông tư nào?",,
983,d3_s0748_N6_v2,What directive can you add to a component to temporarily disable React Compiler's optimization and check if it's causing a bug?,"Since a directive can opt one component out, which config option makes React Compiler opt-in only?",,
984,d1_s0313_N3_v1,What textbook is used in 1.060 Engineering Mechanics II?,What textbook is used in 1.061 Transport Processes in the Environment?,,
985,d4_s0095_P1_v4,What are the two main types of AIDS-related non-Hodgkin lymphoma?,What are the two chief subtypes of non-Hodgkin lymphoma linked to AIDS?,,
986,d3_s0787_N2_v2,What naming convention is commonly used for React event handler functions?,What naming conventions does React use for functions in general?,,
987,d3_s0026_N3_v2,"How can I see the raw SQL queries Django is running, and what information does each entry contain?","How can I see the raw SQL queries Rails is running, and what information does each entry contain?",,
988,d1_s0188_N4_v2,Which two departments jointly offer MIT course 1.040?,Which two departments stopped jointly offering MIT course 1.040?,,
989,d1_s0272_P3_v2,1054 concrete structures hw1 topic??,What is the topic of Homework 1 in 1.054 Mechanics and Design of Concrete Structures?,,
990,d4_s0022_P3_v4,What are the three phases of chronic myelogenous leukemia?,cml has 3 phases — which ones r they,,
991,d2_s0318_P1_v2,Which 2015 incident involving Google Photos' image tagging algorithm made the news?,What did Google Photos' image tagging algorithm do in 2015 that made headlines?,,
992,d4_s0168_P3_v2,childhood CNS germ cell tumours - where in brain do they usualy form?,Where do childhood CNS germ cell tumors most commonly form in the brain?,,
993,d2_s0157_N1_v1,"How many dialogs are in the dataset presented in this paper, and what capability is it designed to test?",How were the dialogs in this paper's dataset collected and annotated?,,
994,d4_s0575_N5_v2,What is the highest proportion of lung cancer cases caused by tobacco smoking in either sex?,What proportion of lung cancer cases in men and women are caused by tobacco smoking?,,
995,d1_s0267_N1_v2,How is the concrete design work in 1.051 graded?,What textbook and edition does 1.051 use for concrete design?,,
996,d1_s0041_P1_v1,What news article did students read as part of Assignment 1.1 in 1.011 Project Evaluation?,Which news story were students assigned to read for Assignment 1.1 in 1.011 Project Evaluation?,,
997,d3_s0647_N4_v2,Who maintains Next.js outside of Vercel?,Who maintains the Next.js framework?,,
998,d3_s0574_N5_v3,Who received special thanks for their guidance and support of React over the years?,Who is the most recent name added to React's special thanks?,,
999,d3_s0326_P2_v1,"After Django 1.5 was released, what kind of fixes does the stable/1.5.x branch continue to receive?",Tell me which fixes continue to be applied to stable/1.5.x after Django 1.5 was released.,,
1000,d3_s0146_N3_v2,What replaces mail.get_connection() for obtaining configured email backend instances in Django 6.1?,What replaces mail.send_mail() for sending email in Django 6.1?,,
1001,d5_s0061_P3_v1,"nguoi hoc ho ngheo, ho can ngheo dau moi hoc ky phai nop bo sung giay to gi de dc xet mien giam hoc phi?","Người học thuộc diện hộ nghèo, hộ cận nghèo cần nộp bổ sung giấy tờ gì vào đầu mỗi học kỳ để tiếp tục được xét miễn, giảm học phí?",,
1002,d2_s0069_N1_v1,On what platforms was SpCoA implemented and tested?,What is SpCoA designed to learn?,,
1003,d3_s0276_N3_v1,What file extension and submission method should be used for a Django patch attached to a GitHub pull request?,What file extension and submission method should be used for a Django patch attached to a Trac ticket?,,
1004,d2_s0195_P1_v1,Which two baseline methods does the proposed clustering approach outperform?,What are the two baseline methods that the proposed clustering approach beats?,,
1005,d1_s0027_N2_v2,"What homework events occur across all lectures in the course, and what topics are covered?","What homework events occur at lecture L7, and what topic is covered there?",,
1006,d3_s0367_P2_v3,The Question.was_published_recently() method has a bug in Django tutorial part 5; what does it do wrong?,What bug exists in the Question.was_published_recently() method described in part 5 of the Django tutorial?,,
1007,d3_s0709_N1_v2,How do you specify a default value for a prop in React using destructuring?,How do you forward all remaining props to a child component using destructuring in React?,,
1008,d5_s0239_N4_v2,Dịch vụ đào tạo giáo viên (sư phạm) được thực hiện theo Nghị định nào?,Trường hợp nào dịch vụ đào tạo giáo viên không được thực hiện theo Nghị định số 116/2020/NĐ-CP?,,
1009,d5_s0198_N5_v1,Hội đồng đánh giá luận án tiến sĩ được có nhiều nhất bao nhiêu thành viên?,Hội đồng đánh giá luận án tiến sĩ phải có ít nhất bao nhiêu thành viên và tỷ lệ thành viên ngoài cơ sở đào tạo tối thiểu là bao nhiêu?,,
1010,d5_s0251_P2_v2,Cho tôi biết tỷ lệ đồng ý của Hội đồng thẩm định để luận án đạt yêu cầu.,Luận án được coi là đạt yêu cầu thẩm định khi có tỷ lệ bao nhiêu thành viên Hội đồng thẩm định đồng ý?,,
1011,d3_s0735_N5_v3,"In the pure function example, what does double(3) return, and why is this guaranteed?","In the pure function example, is 6 the maximum value double can return?",,
1012,d4_s0742_N2_v2,How are fibrinogen disorders inherited?,How is afibrinogenemia inherited?,,
1013,d5_s0142_N2_v1,Thông tư 40/2026/TT-BGDĐT bãi bỏ những điều khoản nào của Thông tư 17/2017/TT-BLĐTBXH?,"Thông tư 40/2026/TT-BGDĐT thay thế văn bản nào của Bộ Lao động - Thương binh và Xã hội, ban hành ngày nào?",,
1014,d3_s0692_P1_v1,Under what conditions is the Submit button disabled in the Managing State quiz form example?,When is the Submit button disabled in the Managing State quiz form example?,,
1015,d1_s0699_N6_v2,"How many assignments are there for MIT course 11.001J Introduction to Urban Design and Development, and what are they called?",In what format must the three MIT 11.001J Introduction to Urban Design and Development assignments be submitted?,,
1016,d4_s0210_N3_v2,Which age group is most commonly affected by rhabdomyosarcoma?,Which age group is most commonly affected by Ewing sarcoma?,,
1017,d5_s0218_N6_v2,Tổng khối lượng của chương trình đào tạo dùng để tính tỷ lệ giảng dạy trực tiếp được xác định thế nào?,Hình thức đào tạo chính quy yêu cầu tỷ lệ giảng dạy trực tiếp tại cơ sở đào tạo tối thiểu là bao nhiêu?,,
1018,d2_s0669_P3_v3,What four aspects does the paper's trolling categorization use to characterize conversations?,whats the 4 aspects the paper trolling categorisation uses 2 characterize conversations,,
1019,d2_s0132_N5_v1,Which of MVCNN's pretrained embedding versions contributes the most to accuracy?,What two things does MVCNN combine to perform sentence classification?,,
1020,d2_s0561_P3_v2,cdc data cited in paper — pct of gang-related homicide victims who r innocent bystanders?,"What percentage of gang-related homicide victims are innocent bystanders, according to the CDC data cited in the paper?",,
1021,d4_s0071_N4_v1,"In grade and treatment response, how are pleomorphic and myxoid liposarcoma alike?",How does pleomorphic liposarcoma differ from myxoid liposarcoma in grade and treatment response?,,
1022,d5_s0145_N3_v1,Ai đã ký Thông tư 40/2026/TT-BGDĐT và với chức danh gì?,Ai đã ký Thông tư 41/2026/TT-BGDĐT và với chức danh gì?,,
1023,d3_s0145_N5_v2,"What new Django setting, introduced in version 6.1, replaces EMAIL_BACKEND and other EMAIL_* settings?",Which EMAIL_* setting did Django introduce first?,,
1024,d5_s0304_P3_v2,Những tài liệu nào được bảo quản vĩnh viễn tại cơ sở đào tạo theo Điều 26?,tai lieu nao luu vinh vien o truong theo d26 v ad?,,
1025,d3_s0399_P1_v2,"What does the expression F(""votes"") + 1 do in the vote() view?","In the vote() view, what is the effect of writing F(""votes"") + 1?",,
1026,d5_s0136_N5_v1,Sinh viên bị kỷ luật khiển trách hoặc cảnh cáo có thể được chấm dứt kỷ luật trước thời hạn trong điều kiện nào?,Sinh viên được chấm dứt kỷ luật trước thời hạn nhiều nhất là sớm hơn bao lâu so với thời hạn?,,
1027,d2_s0776_N4_v1,By how many points did the F1-score rise for detecting depressed mood and disturbed sleep when lexical features were removed?,By how many points did the F1-score drop for detecting depressed mood and disturbed sleep when lexical features were removed?,,
1028,d1_s0007_N2_v1,What materials are students permitted to use during the quizzes and final exam?,"What materials are students permitted to use during the quizzes, the final exam, and the problem sets?",,
1029,d2_s0271_N2_v2,"What evaluation metrics were used across all tasks in the paper, not just error correction?",What evaluation metric was used for grammatical error correction and what does it emphasize?,,
1030,d1_s0592_P2_v3,Who is the instructor of MIT course 10.52 Mechanics of Fluids?,I am looking for the instructor's name for MIT's 10.52 Mechanics of Fluids.,,
1031,d5_s0085_N1_v2,Thông tư 40/2026/TT-BGDĐT quy định những nội dung công tác sinh viên nào?,Những đối tượng nào không thuộc phạm vi áp dụng của Thông tư 40/2026/TT-BGDĐT?,,
1032,d4_s0661_N3_v2,What gene is mutated in Wilson disease and how is it inherited?,What gene is mutated in aceruloplasminemia and how is it inherited?,,
1033,d5_s0272_N4_v1,Điểm thi cuối kỳ của một học phần phải có trọng số tối thiểu bao nhiêu phần trăm trong tổng điểm học phần?,Học phần được đánh giá qua ít hơn ba điểm thành phần thì trọng số điểm thi cuối kỳ quy định thế nào?,,
1034,d2_s0075_N4_v1,What emergent phenomenon arises from the tensor product of Hilbert spaces in von Neumann's quantum theory formalisation?,What do we call states in a tensor product of Hilbert spaces that are not entangled?,,
1035,d5_s0140_P1_v3,Thời điểm có hiệu lực của Thông tư số 40/2026/TT-BGDĐT về công tác sinh viên là ngày nào?,Thông tư 40/2026/TT-BGDĐT về công tác sinh viên có hiệu lực thi hành từ ngày nào?,,
1036,d1_s0168_N6_v1,"When is the midterm exam held in Introduction to Network Models, and what else happens that lecture?","When is Homework 3 returned in Introduction to Network Models, and what else happens that lecture?",,
1037,d3_s0120_P1_v1,What socket address does the example uWSGI startup command bind to?,Which socket address is used by the sample uWSGI startup command?,,
1038,d3_s0237_N1_v1,Where in the Django source tree do a locale's format files live?,What must you do to change a Django locale's format files?,,
1039,d1_s0551_P1_v4,What minimum percentage is required to earn an A in this course?,What percent do I need at minimum for an A grade in this course?,,
1040,d2_s0445_N3_v2,"How many labeled documents are needed to train the proposed NER model, and does it rely on external knowledge?","How many labeled sentences are needed to train the proposed NER model, and does it rely on external knowledge?",,
1041,d1_s0462_N6_v2,What exam materials are available for download in MIT's 10.40 Chemical Engineering Thermodynamics course page?,How long were students given for the exams posted on MIT's 10.40 Chemical Engineering Thermodynamics course page?,,
1042,d4_s0508_N4_v1,How many lobes does each breast contain?,How many lobes does each breast lack in cases of underdevelopment?,,
1043,d3_s0552_P3_v2,react server components DoS and src code exposure post - pub date and last updte??,"When was the React Server Components denial-of-service and source code exposure blog post published, and when was it last updated?",,
1044,d5_s0339_N1_v2,"Mức giảm học phí đối với con của cán bộ, công chức, viên chức, công nhân có cha hoặc mẹ bị tai nạn lao động hưởng trợ cấp thường xuyên là bao nhiêu?","Con của cán bộ, công chức, viên chức, công nhân có cha hoặc mẹ bị tai nạn lao động hưởng trợ cấp thường xuyên được giảm học phí ở những cấp học nào?",,
1045,d3_s0726_N5_v2,How do you pass at least two static string attributes to a JSX element?,How do you pass a static string attribute to a JSX element?,,
1046,d2_s0622_N4_v1,How many encoders and decoders does the non-unified multilingual NMT baseline use to handle multiple languages?,How many encoders and decoders does the proposed unified multilingual NMT framework use to handle multiple languages?,,
1047,d3_s0057_N2_v2,What are three out-of-the-box improvements included in React 18?,What are three out-of-the-box improvements included across the wider React 18 ecosystem libraries?,,
1048,d5_s0019_N4_v1,Trẻ em mẫu giáo và học sinh phổ thông còn cả cha lẫn mẹ được hưởng chính sách gì theo Điều 18?,Trẻ em mẫu giáo và học sinh phổ thông mồ côi cả cha lẫn mẹ được hưởng chính sách gì theo Điều 18?,,
1049,d4_s0038_P2_v2,Childhood acute myeloid leukemia is also known by which names?,What are some other names for childhood acute myeloid leukemia (AML)?,,
1050,d1_s0529_N1_v1,What must a 10.467 student do if they can't make it to a scheduled lab session?,How many lab sessions can a 10.467 student miss before failing?,,
1051,d2_s0056_N1_v2,What words does the paper give as examples of linguistic hedges?,How does the paper model the effect of hedges on membership functions?,,
1052,d2_s0318_P2_v2,What did Google Photos' image tagging algorithm do in 2015 that made headlines?,"In 2015, headlines were made by Google Photos' image tagging algorithm — what happened?",,
1053,d4_s0712_N5_v2,What factors can trigger symptoms in a person with acute intermittent porphyria?,Which trigger of acute intermittent porphyria is the least common?,,
1054,d3_s0579_N2_v2,When and where are all the React conferences on the conferences page scheduled?,When and where is React Conf Japan 2027 scheduled?,,
1055,d1_s0722_P3_v4,"guest speakers sess 6 identities in development, who r they",Which guest speakers appear in Session 6 on Identities in Development?,,
1056,d5_s0211_N6_v2,Thời gian đào tạo chuẩn của hình thức đào tạo thường xuyên phải dài hơn hình thức chính quy bao nhiêu?,Thời gian đào tạo chuẩn của hình thức chính quy được xác định căn cứ vào đâu?,,
1057,d1_s0382_P3_v4,10.302 lec/rec meetings per wk + length plz,"How often do lectures and recitations meet in 10.302 Transport Processes, and for how long?",,
1058,d5_s0179_N4_v1,Trong trường hợp nào cơ sở đào tạo không được kéo dài thời hạn xét công nhận tốt nghiệp?,"Cơ sở đào tạo phải xét và công nhận tốt nghiệp trong thời hạn bao lâu, và có thể kéo dài tới bao lâu nếu cần thẩm định?",,
1059,d3_s0140_N3_v1,What are the five logging severity levels Django mentions?,What are the five logging severity levels Flask mentions?,,
1060,d4_s0594_N6_v1,What condition can too much growth hormone from a pituitary tumor cause in adults versus children?,How is the acromegaly caused by a pituitary tumor treated in adults?,,
1061,d2_s0693_N4_v1,"What error rate did the industry-detection system have, and how many industry classes were in the taxonomy?","What accuracy did the industry-detection system achieve, and how many industry classes were in the taxonomy?",,
1062,d2_s0396_P3_v3,num of feature funcs for each word-pair ordering? and whats the basis,"How many feature functions does the approach define for each word pair ordering, and what are they based on?",,
1063,d4_s0342_N6_v2,Which two blood tumor markers can indicate an ovarian germ cell tumor when elevated?,What is done next when these two blood tumor markers come back elevated?,,
1064,d2_s0681_P1_v1,What is the main concept underlying the domain adaptation method this paper proposes for NMT?,What is the core idea behind the domain adaptation approach proposed for Neural Machine Translation in this paper?,,
1065,d3_s0034_P3_v1,which backend allows inactive users (is_active=False) to auth via REMOTE_USER,Which backend allows inactive users (is_active=False) to authenticate via REMOTE_USER?,,
1066,d3_s0342_N4_v3,What command checks whether Django is installed and displays its version?,What does that command print when Django is not installed?,,
1067,d1_s0330_N5_v3,"How many lecture sessions per week does 1.061 have, and how long is each session?",At most how many hours of lecture does 1.061 hold in one week?,,
1068,d2_s0464_P2_v2,On what numerical scale is reference intensity measured in this paper?,"In this paper, reference intensity is measured using what numerical scale?",,
1069,d2_s0415_N3_v1,"How many characters long are tweets, according to the paper's discussion of classification difficulty?","How many characters long are Facebook posts, according to the paper's discussion of classification difficulty?",,
1070,d5_s0085_N6_v1,Những đối tượng nào không thuộc phạm vi áp dụng của Thông tư 40/2026/TT-BGDĐT?,Thông tư 40/2026/TT-BGDĐT thay thế thông tư nào về công tác sinh viên?,,
1071,d1_s0477_P3_v4,course calendar - quiz 1 session no. pls,At which session is Quiz 1 held according to the course calendar?,,
1072,d5_s0103_N5_v1,"Theo Điều 10 khoản 5 điểm d, nhà trường hỗ trợ sinh viên có hoàn cảnh khó khăn bằng những biện pháp nào?",Điều 10 khoản 5 điểm d quy định tất cả bao nhiêu biện pháp hỗ trợ sinh viên khó khăn?,,
1073,d3_s0113_N2_v1,What two email addresses does Django use as senders by default?,Which email address does Django use as the sender for error reports specifically?,,
1074,d4_s0372_N2_v1,What are the main subtypes of nonseminomatous testicular germ cell tumors?,What are the two main types of testicular germ cell tumors?,,
1075,d5_s0304_N2_v2,Những tài liệu nào được bảo quản vĩnh viễn tại cơ sở đào tạo theo Điều 26?,"Theo Điều 26, những tài liệu nào phải được lưu trữ tại cơ sở đào tạo?",,
1076,d2_s0709_P3_v2,What algorithm is used to obtain the final clusters after learning deep feature representations in STC^2?,stc^2 uses which algorithm for the final clusters after deep feature learning??,,
1077,d3_s0482_N5_v2,"According to the React docs example, what is Almaty's population and when was it Kazakhstan's capital?","According to the React docs example, which listed city has the smallest population?",,
1078,d4_s0084_N2_v2,Is pregnancy a risk factor for lymphoma in general?,Is pregnancy considered a risk factor for Hodgkin lymphoma?,,
1079,d4_s0187_P3_v1,how many lobes does the liver hv and where is it located?,How many lobes does the liver have and where is it located?,,
1080,d1_s0085_P3_v2,ecology 1 the earth system — offered by which departments??,Which departments jointly offer Ecology I: The Earth System?,,
1081,d3_s0313_N5_v3,"What documentation system does Django use, and what underlying tool is it based on?",At most how many tools sit underneath Django's documentation system?,,
1082,d1_s0150_N4_v2,Which week of 1.033 omits Thermoelasticity from the syllabus?,Which week of 1.033 covers Thermoelasticity?,,
1083,d4_s0689_P3_v2,"What neurological and eye problems can develop later in childhood with abetalipoproteinemia, and what can eventually happen to vision?","neurological + eye issues in abetalipoproteinaemia later in childhood, and vision ends up how??",,
1084,d2_s0151_P3_v3,wat causes the attachment ambiguity for the prep phrase in i washed the jeans with pockets,"In the example sentence 'I washed the jeans with pockets,' what is the source of attachment ambiguity for the prepositional phrase?",,
1085,d5_s0324_N1_v1,Khung học phí năm học 2022-2023 đối với bậc THCS và THPT công lập khu vực thành thị là bao nhiêu?,Mức học phí cụ thể của THCS và THPT công lập khu vực thành thị năm học 2022-2023 do cơ quan nào quyết định?,,
1086,d2_s0758_N3_v1,"How many texts are in the eye-tracking sarcasm dataset, and how many words does each text contain?","How many texts are in the eye-tracking sentiment dataset, and how many words does each text contain?",,
1087,d3_s0132_N4_v2,Which management command removes the data you already have in the database instead of dumping it?,What management command makes it easiest to create a fixture from data you already have in the database?,,
1088,d1_s0294_N6_v2,What prerequisite did the instructors require for MIT's Engineering Mechanics II (1.060) in Spring 2006?,Who taught MIT's Engineering Mechanics II (1.060) in Spring 2006?,,
1089,d2_s0262_N5_v1,What does RAFAEL stand for and what language does it target?,What does RAFAEL stand for and what language did its earliest version target?,,
1090,d3_s0304_N4_v3,What does the Django volunteer team discourage in the Django-related software ecosystem?,What are the three goals pursued by the volunteer team managing the Django Project?,,
1091,d2_s0252_N4_v4,Which parts of the sentence are left out of both context combinations in the extended middle context representation for CNNs?,What are the two context combinations used in the paper's 'extended middle context' representation for CNNs?,,
1092,d3_s0041_P3_v4,"How often are new React 18 alpha releases published, and are they recommended for production apps?",whats the cadence on react18 alphas... prod safe or nah?,,
1093,d4_s0032_P2_v3,I'd like to know which cancer tops the list in children.,What is the most common type of cancer in children?,,
1094,d1_s0046_N6_v2,"In the 1.011 Project Evaluation calendar, when was the statement of interest due and what else was issued at that session?","In 1.011 Project Evaluation, when was Problem set A1.1 due after being issued at session L2?",,
1095,d4_s0168_N2_v2,Where do childhood germ cell tumors most commonly form in the body?,Where do childhood CNS germ cell tumors most commonly form in the brain?,,
1096,d1_s0510_P1_v2,What is the name of the template file supplied for Problem Set 5 of 10.450?,What template file is provided for Problem Set 5 in 10.450?,,
1097,d5_s0169_P2_v1,Văn bản pháp luật nào quy định tiêu chuẩn giảng viên đại học mà giảng viên dạy thạc sĩ phải đáp ứng?,Giảng viên giảng dạy trình độ thạc sĩ phải đáp ứng tiêu chuẩn giảng viên đại học theo văn bản pháp luật nào?,,
1098,d1_s0495_N2_v1,Which subtopic is covered in the second half of session 3 in the 10.445 calendar?,What topic is covered in session 3 of the 10.445 course calendar?,,
1099,d3_s0197_P3_v2,django migration multi-db — how 2 know which database its running on??,How can a Django migration determine which database it is running against when using multiple databases?,,
1100,d4_s0096_N4_v1,What is AIDS-related lymphoma called when it occurs in the central nervous system?,What is AIDS-related lymphoma called when it occurs outside the central nervous system?,,
1101,d3_s0379_N3_v2,"How do you reorder the Question admin edit form so Publication date appears before Question text, per part 7 of the Django tutorial?","How do you reorder the Question admin edit form so Publication date appears before Question text, per part 6 of the Django tutorial?",,
1102,d5_s0222_P3_v3,Liên kết đào tạo ngành thuộc lĩnh vực sức khỏe phải thực hiện giữa những cơ sở nào?,nganh thuoc linh vuc suc khoe lien ket dao tao giua nhung co so nao vay,,
1103,d3_s0573_N2_v1,"Approximately how many open source contributors does React have, according to the acknowledgements page?","Approximately how many open source contributors does React's documentation have, according to the acknowledgements page?",,
1104,d4_s0397_N5_v2,At what age range does oral cavity and oropharyngeal cancer occur most often?,What is the youngest age at which oral cavity and oropharyngeal cancer has been reported?,,
1105,d1_s0036_P2_v1,What background knowledge is assumed for students taking 1.010 Uncertainty in Engineering?,Describe the background knowledge assumed for 1.010 Uncertainty in Engineering students.,,
1106,d5_s0257_P1_v4,Người hướng dẫn nghiên cứu sinh chịu trách nhiệm gì đối với luận án của nghiên cứu sinh?,Người hướng dẫn phải chịu trách nhiệm ra sao đối với bản luận án của nghiên cứu sinh?,,
1107,d4_s0245_N4_v2,Which blood cells are not overproduced in essential thrombocythemia?,What is essential thrombocythemia?,,
1108,d3_s0385_N4_v1,"What database does Django's mysite/settings.py use by default, and why is it convenient for beginners?",Which database in Django's mysite/settings.py requires additional installation before use?,,
1109,d4_s0151_N1_v1,How is AT/RT treated in children?,"What genes are linked to an increased risk of AT/RT, and what can happen if changes in these genes are inherited?",,
1110,d3_s0141_N6_v1,Which change to LOGGING makes DEBUG messages appear in the console?,"By default, will a DEBUG-level log message appear in the console under Django's default logging configuration?",,
1111,d4_s0308_N5_v1,What conditions indicate a child has the heritable form of retinoblastoma?,Does having at most one tumor indicate that a child has heritable retinoblastoma?,,
1112,d3_s0829_P2_v4,Two requirements are given for the example chat room component — what are they?,What are the two requirements for the example chat room component?,,
1113,d1_s0277_N3_v2,"In the 1.051 course calendar, on which lecture is Homework 1 assigned and on which lecture is it due?","In the 1.054 course calendar, on which lecture is Homework 1 assigned and on which lecture is it due?",,
1114,d2_s0226_N3_v1,What is tweet2vec and what kind of representation does it learn?,What is word2vec and what kind of representation does it learn?,,
1115,d2_s0542_N6_v2,How many people and how many gangs are estimated to be active in the United States?,Where does the estimate of gangs active in the United States come from?,,
1116,d4_s0366_P1_v2,Which trio of serum markers is used when staging cancer of the testicles?,Which three tumor markers are used in staging testicular cancer?,,
1117,d4_s0234_P3_v4,Which patients with polycythemia vera have a higher risk of stroke or heart attack?,pv patients higher risk of stroke or MI - who exactly,,
1118,d4_s0401_P3_v3,laryngeal cancer definition + larynx location plz,What is laryngeal cancer and where is the larynx located?,,
1119,d3_s0454_N3_v1,What convention did the React team reach consensus on with partners for marking server components?,What convention did the React team reach consensus on with partners for marking client components?,,
1120,d2_s0306_N6_v2,What benchmark dataset was used to evaluate the proposed BiLSTM video captioning framework?,How many videos are in the benchmark dataset used to evaluate the proposed BiLSTM video captioning framework?,,
1121,d2_s0332_N3_v1,What value is used for the stabilizing term epsilon in the Deep Taylor Decomposition relevance redistribution formula?,What value is used for the stabilizing term epsilon in the LRP relevance redistribution formula?,,
1122,d2_s0788_N5_v4,On which dataset did the system achieve a state-of-the-art BLEU score of 25.62?,Which dataset gave the system its second-highest BLEU score?,,
1123,d1_s0170_P2_v4,The topic of Lecture 20 and the homework due there — what are they?,"What topic does Lecture 20 cover, and what homework is due at that lecture?",,
1124,d4_s0022_N3_v1,What are the three phases of chronic myelogenous leukemia?,What are the three phases of chronic lymphocytic leukemia?,,
1125,d1_s0288_N5_v4,What is the fewest sessions 1.054 Mechanics and Design of Concrete Structures meets in a week?,"How often does 1.054 Mechanics and Design of Concrete Structures meet, and for how long each session?",,
1126,d3_s0373_N5_v3,What is the first directory in the polls stylesheet path from part 6 of the Django tutorial?,What is the full file path for the polls stylesheet created in part 6 of the Django tutorial?,,
1127,d2_s0458_N2_v2,"How many lexical resources of any kind did the researchers create, and how was each built?","How many discourse dictionaries did the researchers create, and how was each built?",,
1128,d1_s0308_N2_v1,What is the file size of the 2005 Final Exam PDF?,What is the total size of all the exam PDFs on this page?,,
1129,d2_s0513_N4_v1,"In the WMT16 test set example, what German word did the NMT system incorrectly produce for the English word 'goalie', and what should it have been?","In the WMT16 test set example, which German words did the NMT system correctly produce alongside 'goalie'?",,
1130,d3_s0065_N2_v2,When was each of the React Labs posts published?,When was the 'React Labs: What We've Been Working On – June 2022' post published?,,
1131,d2_s0005_P2_v4,Tell me how GE-FL's parameters are optimized — with which algorithm?,What optimization algorithm is used for parameter estimation in GE-FL?,,
1132,d4_s0780_N4_v1,What proportion of people with alopecia universalis have no family member with alopecia?,What proportion of people with alopecia universalis have a family member with alopecia?,,
1133,d5_s0153_N3_v2,Quy chế tuyển sinh và đào tạo đại học ban hành kèm Thông tư 53/2026/TT-BGDĐT không áp dụng cho đối tượng nào?,Quy chế tuyển sinh và đào tạo sau đại học ban hành kèm Thông tư 53/2026/TT-BGDĐT không áp dụng cho đối tượng nào?,,
1134,d4_s0155_N3_v2,"What are the two types of childhood brain stem glioma, and how do their growth patterns and prognoses differ?","What are the two types of childhood ependymoma, and how do their growth patterns and prognoses differ?",,
1135,d2_s0145_N6_v2,What are the three tasks that cQA forum automation is divided into?,How many annotated examples does each of the three cQA tasks provide?,,
1136,d5_s0319_N5_v2,"Phương pháp định giá dịch vụ giáo dục, đào tạo được xác định theo những văn bản pháp luật nào?","Văn bản nào được ban hành sớm nhất trong số các căn cứ định giá dịch vụ giáo dục, đào tạo?",,
1137,d4_s0257_N2_v1,What are myelodysplastic/myeloproliferative neoplasms?,What is chronic myelomonocytic leukemia?,,
1138,d1_s0331_N1_v2,What are the prerequisites for Transport Processes in the Environment (1.061)?,Which topics does Transport Processes in the Environment (1.061) cover?,,
1139,d5_s0027_N2_v2,"Cơ quan nào chủ trì quản lý nhà nước về học phí và giá dịch vụ trong lĩnh vực giáo dục, đào tạo?",Cơ quan nào chủ trì quản lý nhà nước về giá các loại dịch vụ công?,,
1140,d1_s0084_N5_v2,Who taught MIT's Ecology I: The Earth System course in Fall 2009?,Who taught MIT's Ecology I: The Earth System the earliest year it was offered?,,
1141,d2_s0252_N1_v2,What filter sizes does the CNN use over the extended middle context?,What are the two context combinations used in the paper's 'extended middle context' representation for CNNs?,,
1142,d1_s0085_N4_v1,Which departments jointly offer Ecology I: The Earth System?,Which departments do not jointly offer Ecology I: The Earth System?,,
1143,d5_s0155_N3_v1,Quy chế ban hành kèm theo Thông tư 56/2026/TT-BGDĐT quy định về vấn đề gì?,Quy chế ban hành kèm theo Thông tư 53/2026/TT-BGDĐT quy định về vấn đề gì?,,
1144,d1_s0330_N3_v1,"How many lecture sessions per week does 1.061 have, and how long is each session?","How many lecture sessions per week does 1.060 have, and how long is each session?",,
1145,d4_s0180_P3_v1,what r the 5 WHO subtypes of ependymal tumors,What are the five WHO subtypes of ependymal tumors?,,
1146,d5_s0059_N3_v2,"Từ năm học nào, đối tượng quy định tại khoản 3, khoản 4 Điều 15 chỉ phải nộp giấy khai sinh mà không cần các giấy tờ khác?","Từ năm học nào, đối tượng quy định tại khoản 5, khoản 6 Điều 15 chỉ phải nộp giấy khai sinh mà không cần các giấy tờ khác?",,
1147,d1_s0214_N6_v1,What is the topic of Assignment 9 in 1.050 Engineering Mechanics I?,What textbook chapter should I read before Assignment 9 in 1.050 Engineering Mechanics I?,,
1148,d5_s0262_N2_v2,Toàn bộ Thông tư 53/2026/TT-BGDĐT có hiệu lực thi hành từ ngày nào?,Quy chế ban hành kèm theo Thông tư 53/2026/TT-BGDĐT được áp dụng cho các khóa tuyển sinh và tổ chức đào tạo từ ngày nào?,,
1149,d2_s0346_N3_v2,How does fastText's accuracy and speed compare to deep learning classifiers?,How does fastText's accuracy and speed compare to linear SVM classifiers?,,
1150,d5_s0016_N5_v4,"Con của cán bộ, công chức bị tai nạn lao động hoặc mắc bệnh nghề nghiệp được giảm bao nhiêu phần trăm học phí?",Đối tượng nào được hưởng mức giảm học phí lớn hơn 50%?,,
1151,d3_s0056_N6_v2,When was the React v18.0 release blog post published and who authored it?,"What else did The React Team publish on March 29, 2022 alongside the v18.0 release post?",,
1152,d4_s0199_P2_v4,"Undifferentiated embryonal sarcoma of the liver — which ages are affected, and where does the tumor usually travel?","At what age does undifferentiated embryonal sarcoma of the liver typically occur, and where does it often spread?",,
1153,d1_s0495_P1_v3,What topic is covered in session 3 of the 10.445 course calendar?,Session 3 of the 10.445 course calendar deals with what subject?,,
1154,d1_s0230_P1_v1,"Which professor led MIT's 1.050 Solid Mechanics course, and during which term?",Who taught MIT's 1.050 Solid Mechanics course and in what term?,,
1155,d2_s0033_P3_v1,"After a user says 'savings account' and it is recognized correctly, what options and perplexity does the second node have?",user says savings account n its recognized right - wat options n perplexity does the 2nd node have?,,
1156,d5_s0211_N3_v1,Thời gian đào tạo chuẩn của hình thức đào tạo từ xa phải dài hơn hình thức chính quy bao nhiêu?,Thời gian đào tạo chuẩn của hình thức đào tạo thường xuyên phải dài hơn hình thức chính quy bao nhiêu?,,
1157,d3_s0155_N2_v1,Why does Django recommend StreamingHttpResponse over HttpResponse for views generating very large output?,"Why does Django recommend StreamingHttpResponse over HttpResponse for all views, not just large-output ones?",,
1158,d2_s0193_N5_v2,"What languages does this paper's document clustering method target, and how does it build language-independent representations?",Which of the targeted languages has the largest monolingual corpus in this paper?,,
1159,d3_s0124_P2_v3,Who does Django notify by email when DEBUG is False and an unhandled exception causes a 500+ error?,Django sends its error email to which recipients when DEBUG is False and an unhandled exception causes a 500+ error?,,
1160,d5_s0289_N4_v2,Sinh viên bị buộc thôi học muốn quay lại học phải làm gì?,Trường hợp nào sinh viên bị buộc thôi học được quay lại học mà không phải dự tuyển lại?,,
1161,d5_s0115_P2_v2,"Sinh viên được xếp loại rèn luyện theo bao nhiêu loại, và để đạt loại xuất sắc cần khoảng điểm nào?",Kết quả rèn luyện của sinh viên được phân thành mấy loại và loại xuất sắc ứng với khoảng điểm nào?,,
1162,d1_s0466_P1_v4,Which courses counted as prereqs for 10.40 Chemical Engineering Thermodynamics?,What courses were prerequisites for 10.40 Chemical Engineering Thermodynamics?,,
1163,d5_s0291_N3_v1,Điều kiện về khối lượng học tập và điểm trung bình để sinh viên xếp loại trung bình được đăng ký học chương trình thứ hai là gì?,Điều kiện về khối lượng học tập và điểm trung bình để sinh viên xếp loại khá trở lên được đăng ký học chương trình thứ hai là gì?,,
1164,d3_s0275_N6_v2,What should you do if a Django ticket has been assigned to someone for weeks or months with no activity?,What happens if the original assignee objects after you reassign their stale Django ticket?,,
1165,d4_s0429_P3_v3,What structures make up the oropharynx?,whta structurs makeup the oropharnyx,,
1166,d4_s0342_N4_v1,Which two blood tumor markers can indicate an ovarian germ cell tumor when they are low?,Which two blood tumor markers can indicate an ovarian germ cell tumor when elevated?,,
1167,d3_s0166_N4_v3,Where can you place template overrides in a Django project?,Where can you place template overrides outside a templates directory in a Django project?,,
1168,d1_s0721_P2_v1,Who is the guest speaker for the Session 3 class on the Ethical Underpinnings of Development?,Name the guest speaker scheduled for the Session 3 class on the Ethical Underpinnings of Development.,,
1169,d3_s0678_N4_v1,Can a single JavaScript file have more than one default export?,How many default exports and how many named exports can a single JavaScript file have?,,
1170,d1_s0564_N5_v2,What topics does Problem Set 1 cover in 10.491 Integrated Chemical Engineering II?,What is the last topic listed on Problem Set 1 in 10.491 Integrated Chemical Engineering II?,,
1171,d1_s0004_N4_v1,Which images in the Problem Set 8 ZIP are not credited to Ken Houghton Rail Images?,"What does the Problem Set 8 images ZIP file contain, and who is credited for the images?",,
1172,d4_s0023_P1_v2,What symptoms might indicate chronic myelogenous leukemia?,Which symptoms could be a sign of chronic myeloid leukemia?,,
1173,d1_s0545_P2_v4,"Which lecture introduces the Disturbance Cost and Manipulated Variable Sizing, and what problem set is due then?","For the lecture introducing Disturbance Cost and Manipulated Variable Sizing, what is its number and which problem set is due?",,
1174,d2_s0682_N6_v2,How much translation quality is lost by adapting in a few hours instead of retraining from scratch?,How long does the proposed NMT adaptation method take compared to retraining from scratch on combined data?,,
1175,d3_s0317_P2_v1,"django.utils.deprecation.MiddlewareMixin should be replaced by what, and the old path is removed in which Django version?","What should be used instead of the django.utils.deprecation.MiddlewareMixin import path, and in which Django version is the old path removed?",,
1176,d2_s0378_P1_v2,"How much did adding the social model improve the F-score for undecided (""und"") language tweets?",By what amount did incorporating the social model boost the F-score on undecided ('und') language tweets?,,
1177,d5_s0255_N3_v1,"Nếu chưa thể cấp bảng điểm do đang xác minh hoặc xử lý dấu hiệu vi phạm, cơ sở đào tạo phải làm gì?","Nếu chưa thể cấp văn bằng do đang xác minh hoặc xử lý dấu hiệu vi phạm, cơ sở đào tạo phải làm gì?",,
1178,d4_s0005_N1_v2,What four factors affect the prognosis and treatment options for adult ALL?,What treatments are used for adult ALL?,,
1179,d2_s0662_N4_v4,"In how many languages was the multilingual sentiment analysis approach (B4MSA) tested, and which languages?",Was B4MSA left untested in Spanish?,,
1180,d3_s0291_P2_v1,"List the three release types in Django's release process, giving an example of each.","What are the three types of releases described in Django's release process, with examples?",,
1181,d3_s0339_P3_v1,"After repackaging the polls app, what values are set for name, label, and default_auto_field in PollsConfig?","after repackaging polls app whats name, label n default_auto_field in PollsConfig?",,
1182,d1_s0582_N6_v1,What is the penalty for handing in the design report late in this course?,At what point in the course is the design report distributed to students?,,
1183,d5_s0071_P2_v1,"Nghị định nào quy định việc giao nhiệm vụ, đặt hàng hoặc đấu thầu cung cấp dịch vụ công sử dụng ngân sách nhà nước, và ban hành ngày nào?","Cho tôi biết số hiệu và ngày ban hành của nghị định quy định giao nhiệm vụ, đặt hàng hoặc đấu thầu cung cấp dịch vụ công sử dụng ngân sách nhà nước.",,
1184,d3_s0274_P3_v1,How can you tell if a Django Trac ticket is available to be claimed?,how can u tell if a django trac ticket is avaliable to claim?,,
1185,d4_s0471_N3_v1,What are the symptoms of transitional cell cancer of the renal pelvis and ureter?,What are the symptoms of transitional cell cancer of the bladder?,,
1186,d2_s0074_N3_v2,What paradigmatic shift does the follow-up paper argue for?,What paradigmatic shift does the paper argue for?,,
1187,d3_s0194_N6_v1,What command syntax does Windows use to set the DJANGO_COLORS environment variable?,How can you disable colored terminal output in Django on Windows?,,
1188,d2_s0340_N3_v1,How is the KBP relation extraction task typically decomposed into subtasks?,How is the KBP event extraction task typically decomposed into subtasks?,,
1189,d2_s0584_P1_v3,What macro-average f-score does UTCNN achieve on the Facebook stance classification task?,What is the macro-average f-score obtained by UTCNN on the Facebook stance task?,,
1190,d2_s0164_P1_v2,Which part of the multi-task slot filling model is unique to each app rather than shared?,"In the multi-task slot filling model, what part is not shared but individual to each app?",,
1191,d4_s0761_N5_v4,Do genetic or environmental factors play the greater role in adolescent idiopathic scoliosis?,What factors are believed to cause adolescent idiopathic scoliosis?,,
1192,d5_s0352_N3_v1,Nếu cơ sở giáo dục chưa nhận được tiền cấp bù học phí đúng thời hạn quy định thì được giải quyết thế nào?,Nếu cha mẹ trẻ chưa nhận được tiền cấp bù học phí đúng thời hạn quy định thì được giải quyết thế nào?,,
1193,d1_s0020_N6_v1,How many students enrolled in MIT's Uncertainty in Engineering when it ran?,In which semester and year was MIT's Uncertainty in Engineering course taught?,,
1194,d1_s0495_P1_v2,What topic is covered in session 3 of the 10.445 course calendar?,What is the topic listed for session 3 in the 10.445 calendar?,,
1195,d3_s0501_P3_v3,react 19 actions — what r they exactly,"What are ""Actions"" in React 19?",,
1196,d4_s0179_P1_v2,"What type of cells do ependymomas form from, and what substance do those cells normally produce?","Ependymomas arise from what type of cell, and what substance does that cell usually produce?",,
1197,d4_s0421_P2_v1,What is nasopharyngeal cancer?,Give me a definition of nasopharyngeal cancer.,,
1198,d3_s0097_P1_v4,What value does the example FooBar template backend use for app_dirname?,"For the example FooBar template backend, what is the app_dirname value?",,
1199,d2_s0039_N3_v1,On what date did the Confederate army launch its frontal assaults at the Battle of Fredericksburg?,On what date did the Union army launch its frontal assaults at the Battle of Fredericksburg?,,
1200,d4_s0713_N5_v2,What is the chance that all children of a parent with AIP inherit the HMBS mutation?,How is acute intermittent porphyria inherited?,,
1201,d1_s0263_N1_v1,"What review materials are provided for Quiz 1, and at which session are they listed?",What topics does Quiz 1 cover?,,
1202,d1_s0072_N2_v2,"Who taught MIT course 1.017, Computing and Data Analysis for Environmental Applications, and in what term?","Who has taught MIT's 1.017 Computing and Data Analysis for Environmental Applications in every offering, and when?",,
1203,d4_s0297_N3_v1,Which three tumor markers are used to help detect neuroblastoma?,Which three tumor markers are used to help detect extragonadal germ cell tumors?,,
1204,d2_s0313_P3_v3,wat two seqential subtasks does dialog managment get decomposd into,What two sequential subtasks is dialog management commonly decomposed into?,,
1205,d1_s0522_N2_v2,In which term and at what level was the lecture component of MIT's 10.467 taught?,In which term and at what level was MIT's 10.467 Polymer Science Laboratory taught?,,
1206,d3_s0690_N6_v1,"In the Managing State quiz form example, what is the correct answer to the city quiz question (case-insensitive)?","In the Managing State quiz form example, how is the answer state reset after a correct submission?",,
1207,d4_s0302_N6_v2,Where do most intraocular melanomas begin?,What symptoms appear when an intraocular melanoma begins in the choroid?,,
1208,d5_s0266_N2_v2,Giảng viên nước ngoài phải trực tiếp giảng dạy tối thiểu bao nhiêu phần trăm khối lượng các học phần chuyên ngành của chương trình liên kết?,"Giảng viên của cơ sở giáo dục đại học nước ngoài phải trực tiếp giảng dạy tối thiểu bao nhiêu phần trăm khối lượng chương trình liên kết đào tạo, và cần trình độ tối thiểu gì?",,
1209,d2_s0158_P1_v1,"What accuracy do current approaches achieve on some question answering datasets, according to the paper?","According to the paper, what accuracy level do existing approaches reach on some question answering datasets?",,
1210,d5_s0092_P2_v1,Mục tiêu của giáo dục pháp luật cho sinh viên theo Điều 6 là gì?,Cho tôi biết mục tiêu giáo dục pháp luật cho sinh viên được nêu tại Điều 6.,,
1211,d1_s0139_N4_v1,What prerequisites are required before registering for 1.022 Introduction to Network Models?,Which prerequisites are recommended rather than required for 1.022 Introduction to Network Models?,,
1212,d1_s0656_N3_v2,Is a solutions document provided for the 2014 Midterm Exam in 10.675J?,Is a solutions document provided for the 2014 Midterm Exam in 10.626?,,
1213,d4_s0535_N5_v1,"In which age group are new neuroblastoma cases most frequent, and is it more common in one sex?",Which age group has the fewest new neuroblastoma cases?,,
1214,d2_s0663_N4_v1,"Which three international contests were considered but excluded from benchmarking the approach, and for which languages?","Which three international contests were used to benchmark the approach, and for which languages?",,
1215,d2_s0721_N1_v2,"How many sentences does the NTCIR-CE patent translation task use for training, development, and testing?",What evaluation metric does the NTCIR-CE patent translation task use?,,
1216,d1_s0132_P1_v1,When is the final paper due in the course schedule?,"In the course schedule, when is the final paper deadline?",,
1217,d3_s0017_N3_v1,What traffic scale have Rails-powered sites reportedly handled?,What traffic scale have Django-powered sites reportedly handled?,,
1218,d5_s0214_N2_v1,"Đối với chương trình đào tạo do cơ sở giáo dục nước ngoài cấp bằng thực hiện theo hình thức trực tuyến, yêu cầu đầu vào và chuẩn đầu ra phải đáp ứng điều kiện gì?","Đối với chương trình đào tạo do cơ sở giáo dục nước ngoài cấp bằng, yêu cầu đầu vào và chuẩn đầu ra phải đáp ứng điều kiện gì?",,
1219,d3_s0823_P2_v2,"Three action types are handled by tasksReducer — which are they, and what is thrown for other types?","What three action types does the tasksReducer function handle, and what happens for an unrecognized action type?",,
1220,d5_s0047_P2_v3,Tôi cần tra mức tăng học phí hằng năm tối đa mà trường nghề và đại học công lập được áp dụng từ năm học 2026-2027.,Mức tăng học phí tối đa hằng năm đối với cơ sở giáo dục nghề nghiệp và giáo dục đại học công lập từ năm học 2026-2027 là bao nhiêu?,,
1221,d1_s0080_N6_v2,How is a typical class period structured in course 1.017?,Do 1.017 students have to bring their own laptops to class?,,
1222,d4_s0075_P3_v3,"What is the most common type of childhood vascular tumor, and how does it usually behave over time?",childhood vascular tumors - which 1 is most common n does it go away,,
1223,d5_s0313_N1_v2,Tiêu chuẩn kiểm định chất lượng cơ sở giáo dục nghề nghiệp gồm những tiêu chí nào?,Ai có thẩm quyền ban hành tiêu chuẩn kiểm định chất lượng đối với cơ sở giáo dục nghề nghiệp?,,
1224,d5_s0210_N4_v4,Đối tượng nào được miễn áp dụng quy chế đào tạo trình độ đại học?,Quy chế đào tạo trình độ đại học áp dụng đối với đối tượng nào?,,
1225,d1_s0206_N4_v3,"Which assignment in Spring 2009 Project Management is not due at Lecture 6, and what topic does its due lecture cover?","At which lecture is Assignment 1 due in the Spring 2009 Project Management course, and what topic does that lecture cover?",,
1226,d2_s0135_N6_v1,What unlabeled data is used to pretrain MVCNN?,Why is pretraining important for MVCNN?,,
1227,d3_s0292_N6_v2,How far in advance must Django's security distribution list be notified before a security release?,How do you get added to Django's security distribution list to receive these pre-notifications?,,
1228,d2_s0193_N2_v2,"Which languages do all the methods discussed in this paper target, and how do they build language-independent representations?","What languages does this paper's document clustering method target, and how does it build language-independent representations?",,
1229,d5_s0279_N2_v1,Sinh viên đào tạo theo tín chỉ bị cảnh báo học tập khi tổng số tín chỉ nợ đọng trong một học kỳ vượt quá bao nhiêu?,Sinh viên đào tạo theo tín chỉ bị cảnh báo học tập khi tổng số tín chỉ nợ đọng từ đầu khóa học vượt quá con số nào?,,
1230,d1_s0395_P3_v2,"At which lecture is Problem set 1 due in the 10.32 Separation Processes course calendar, and what topic does that lecture cover?",10.32 separation processes — pset 1 due at which lecture + topic?,,
1231,d3_s0224_N1_v1,Which git command does a Django merger use to push a reviewed pull request branch back to upstream?,"What git alias lets a Django merger check out a pull request locally by its number, and how is it used?",,
1232,d5_s0200_N6_v2,Hội đồng đánh giá luận án có thời hạn hoạt động tối đa bao lâu kể từ khi cơ sở đào tạo ban hành quyết định thành lập?,Quyết định thành lập hội đồng đánh giá luận án phải được gửi cho những ai?,,
1233,d2_s0694_N2_v1,How many blog users in the industry-annotated dataset were used for testing?,How many blog users were included in the industry-annotated dataset built for this study?,,
1234,d4_s0284_N1_v2,Why are the risk factors and prognosis factors for MDS/MPN-UC not well known?,How is MDS/MPN-UC treated?,,
1235,d5_s0034_N5_v3,"Năm học 2022-2023, khu vực nào có khung học phí trung học phổ thông công lập chưa tự bảo đảm chi thường xuyên thấp nhất?",Khung học phí năm học 2022-2023 đối với trung học phổ thông công lập chưa tự bảo đảm chi thường xuyên ở khu vực thành thị là bao nhiêu?,,
1236,d1_s0092_P2_v2,How many design projects are students graded on in 1.012?,"In 1.012, students are graded on how many design projects?",,
1237,d4_s0793_N4_v2,What rare skin condition can Alpha-1 antitrypsin deficiency cause?,"Which skin condition is caused by excess, rather than deficiency of, alpha-1 antitrypsin?",,
1238,d3_s0506_N2_v1,In what month of its original release year did Create React App ship?,In what year was Create React App originally released?,,
1239,d2_s0470_P3_v1,which subreddits were sampled 2 build the dogmatism training dataset n how many posts from each?,"Which subreddits were sampled to build the dogmatism training dataset, and how many posts came from each?",,
1240,d2_s0077_P2_v4,"According to the paper, where are zeros and ones truly meaningful rather than just a representation, and whose work provided the foundation for this?",Tell me the form in which the paper says zeros and ones are meaningful and who founded the underlying theory.,,
1241,d5_s0034_N1_v2,Học phí năm học 2022-2023 của trung học phổ thông công lập ở khu vực thành thị được thu theo mấy tháng trong năm?,Khung học phí năm học 2022-2023 đối với trung học phổ thông công lập chưa tự bảo đảm chi thường xuyên ở khu vực thành thị là bao nhiêu?,,
1242,d2_s0339_N6_v1,"On which benchmark task is the system evaluated, and how many relations do the authors learn on?",Why did the authors restrict learning to just that set of relations in the benchmark task?,,
1243,d4_s0366_N6_v2,What do rising tumor markers mean after testicular cancer has been staged?,Which three tumor markers are used in staging testicular cancer?,,
1244,d3_s0013_N6_v2,What was World Online's newspaper site called when Django was created?,Why was Django originally created?,,
1245,d5_s0185_N5_v2,Giảng viên được mời giảng dạy trình độ tiến sĩ phải có chức danh cao nhất nào?,Cơ sở đào tạo có thể mời những đối tượng nào tham gia giảng dạy trình độ tiến sĩ ngoài giảng viên cơ hữu?,,
1246,d2_s0688_P1_v2,"What two machine learning models are contrasted in the paper, and for what task?","Which two machine learning models are compared in the paper, and on what task?",,
1247,d5_s0167_N5_v2,Cơ sở giáo dục đại học nước ngoài tham gia liên kết đào tạo phải đáp ứng yêu cầu kiểm định chất lượng nào?,Cơ quan kiểm định chất lượng nào được nêu cuối cùng trong yêu cầu đối với cơ sở giáo dục đại học nước ngoài liên kết đào tạo?,,
1248,d2_s0113_N5_v1,On which of the three task types did the original DMN achieve its largest margin over the previous state of the art?,On what three types of tasks did the original DMN achieve state-of-the-art results when supporting facts were marked during training?,,
1249,d4_s0032_N4_v2,What is the most common type of cancer in children?,What is the most common cancer in children that is not a leukemia?,,
1250,d4_s0020_N2_v2,"What enzymes does the bone marrow overproduce in chronic leukemias generally, and what effects do they have?","What enzyme does the Philadelphia chromosome cause the bone marrow to produce in CML, and what effect does it have?",,
1251,d3_s0774_N2_v2,What steps does React recommend for managing state declaratively across an entire application?,What five steps does the document recommend for thinking about UI declaratively in React?,,
1252,d5_s0323_P2_v4,Khung học phí năm học 2022-2023 đối với bậc mầm non và tiểu học công lập ở khu vực thành thị dao động trong khoảng nào?,Tôi muốn biết khung học phí năm học 2022-2023 của bậc mầm non và tiểu học công lập ở thành thị là bao nhiêu đến bao nhiêu.,,
1253,d5_s0201_P1_v4,Cơ sở đào tạo phải niêm yết thông tin về buổi bảo vệ luận án trên website tối thiểu mấy ngày trước khi bảo vệ?,Thông tin về buổi bảo vệ luận án phải được công khai trên trang thông tin điện tử của cơ sở đào tạo tối thiểu bao nhiêu ngày trước ngày bảo vệ?,,
1254,d3_s0545_N2_v1,"Who reported the critical React Server Components RCE vulnerability as it affects the Next.js integration, and when?","Who reported the critical React Server Components RCE vulnerability, and when was it reported?",,
1255,d4_s0737_P1_v1,"Which additional gene variant is thought to play a role in AVMD, and what other disease is that variant tied to?","What other gene's variant is suspected to be associated with AVMD, and what other condition is it linked to?",,
1256,d3_s0299_P1_v3,What is the django-announce mailing list used for?,Why does the django-announce mailing list exist?,,
1257,d5_s0071_N3_v1,"Nghị định nào quy định việc đấu thầu cung cấp sản phẩm, dịch vụ công ích, và ban hành ngày nào?","Nghị định nào quy định việc giao nhiệm vụ, đặt hàng hoặc đấu thầu cung cấp dịch vụ công sử dụng ngân sách nhà nước, và ban hành ngày nào?",,
1258,d5_s0106_N1_v1,"Theo Điều 12 khoản 1, nhà trường thực hiện những công việc tổ chức, hành chính gì đối với sinh viên mới trúng tuyển?","Theo Điều 12, nhà trường tổ chức phổ biến những nội dung gì cho sinh viên mới trúng tuyển?",,
1259,d3_s0612_P1_v4,Which tool do you have to install for local development before bringing React into an existing project?,What do you need to install for local development before adding React to an existing project?,,
1260,d3_s0336_N4_v1,Which package name prefixes should reusable Django apps avoid?,What package and module naming convention does Django recommend for reusable apps?,,
1261,d1_s0478_N4_v4,Which 10.442 session introduces Animal Cell Culture rather than continuing it?,"What topic does session 26 cover in the 10.442 course calendar, and what happens that session?",,
1262,d5_s0083_P3_v2,Thông tư 40/2026/TT-BGDĐT quy định về nội dung gì?,cho hỏi tt 40/2026/TT-BGDĐT quy định về cái gì ạ,,
1263,d4_s0303_P2_v4,What risk factors are associated with intraocular melanoma?,Which people are at increased risk of intraocular melanoma?,,
1264,d4_s0651_N6_v2,What follow-up after bladder cancer is recommended to catch urethral cancer early?,What are the risk factors for urethral cancer?,,
1265,d1_s0182_N1_v2,What are the four parts that make up the 1.033 subject?,What prerequisites does the 1.033 subject require?,,
1266,d1_s0046_P3_v2,"In the 1.011 Project Evaluation calendar, when was the statement of interest due and what else was issued at that session?",1.011 proj eval calendar: stmt of interest due when + what else was issued then??,,
1267,d5_s0271_P2_v2,"So với khối lượng trung bình theo kế hoạch chuẩn, khối lượng học tập một học kỳ của sinh viên bị giới hạn trong khung nào?",Khối lượng học tập tối thiểu và tối đa của sinh viên trong một học kỳ được quy định trong khung nào so với khối lượng trung bình chuẩn?,,
1268,d2_s0027_N2_v1,What do Mercier and Sperber (2011) claim about argumentation's role in group decision-making?,What do Mercier and Sperber (2011) claim about argumentation's role in human cognition?,,
1269,d4_s0100_N3_v2,"What are Hodgkin lymphoma and Sézary syndrome, and what body system do they primarily affect?","What are mycosis fungoides and Sézary syndrome, and what body system do they primarily affect?",,
1270,d5_s0027_N5_v3,Cơ quan nào được giao nhiệm vụ chủ trì quản lý học phí sớm nhất?,"Cơ quan nào chủ trì quản lý nhà nước về học phí và giá dịch vụ trong lĩnh vực giáo dục, đào tạo?",,
1271,d1_s0716_P1_v1,Which three parts does the final project in Introduction to International Development consist of?,What three components make up the final project in Introduction to International Development?,,
1272,d5_s0106_P2_v2,"Liệt kê giúp tôi các công việc tổ chức, hành chính mà nhà trường thực hiện với sinh viên mới trúng tuyển theo Điều 12 khoản 1.","Theo Điều 12 khoản 1, nhà trường thực hiện những công việc tổ chức, hành chính gì đối với sinh viên mới trúng tuyển?",,
1273,d4_s0396_N6_v2,Which tissues of the oropharynx can oropharyngeal cancer form in?,How does HPV infection change the outlook for oropharyngeal cancer?,,
1274,d5_s0116_P1_v3,Sinh viên bị kỷ luật hình thức khiển trách thì kết quả rèn luyện tối đa được xếp loại gì?,"Với hình thức kỷ luật khiển trách, mức xếp loại rèn luyện cao nhất của sinh viên là loại nào?",,
1275,d4_s0693_N6_v1,"How many forms of achondrogenesis are there, and what are they called?",How are the forms of achondrogenesis told apart on X-ray?,,
1276,d4_s0115_N5_v2,What are the risk factors for childhood Hodgkin lymphoma?,What is the least common risk factor for childhood Hodgkin lymphoma?,,
1277,d3_s0268_P1_v2,How should variables be named in Django's JavaScript code?,What naming convention should be used for JavaScript variables in Django?,,
1278,d4_s0007_N4_v1,"In adult AML, does the bone marrow make normal myeloblasts?",What is adult acute myeloid leukemia (AML)?,,
1279,d5_s0050_P2_v1,"Hãy nêu trường hợp mà giấy tờ hưởng chính sách miễn giảm học phí không cần được học sinh, sinh viên nộp.","Trong trường hợp nào học sinh, sinh viên không phải nộp giấy tờ để hưởng chính sách miễn giảm học phí?",,
1280,d3_s0578_N1_v2,When does the call for speakers for ZurichJS Conf 2026 close?,When and where will ZurichJS Conf 2026 take place?,,
1281,d3_s0099_N6_v1,What two arguments should a custom template engine pass when raising TemplateDoesNotExist so it populates the postmortem page?,What format should the tried argument use when a custom template engine raises TemplateDoesNotExist?,,
1282,d2_s0364_N2_v1,"What real-world application has the distributed word2vec training system been deployed for at Yahoo, and since when?",Which ad types within Gemini's broad matching pipeline rely on word2vec query-to-ad matching?,,
1283,d5_s0198_N1_v2,Hội đồng đánh giá luận án tiến sĩ phải có ít nhất bao nhiêu thành viên và tỷ lệ thành viên ngoài cơ sở đào tạo tối thiểu là bao nhiêu?,Hội đồng đánh giá luận án tiến sĩ họp và kết luận theo nguyên tắc nào?,,
1284,d1_s0373_N6_v2,Who taught MIT's 10.302 Transport Processes course in Fall 2004?,Which of the 10.302 Transport Processes instructors also wrote the course notes in Fall 2004?,,
1285,d4_s0167_N4_v2,What are the two main types of childhood CNS germ cell tumors?,Which types of childhood CNS germ cell tumor are not considered main types?,,
1286,d1_s0694_N6_v2,Is the required 10.805J textbook available on reserve in the library?,"What is the title, edition, and ISBN of the required textbook for 10.805J?",,
1287,d1_s0596_N1_v1,What is the grading breakdown for 10.52 Mechanics of Fluids?,"What reference textbook is suggested for 10.52 Mechanics of Fluids, and what is its ISBN?",,
1288,d1_s0614_N1_v1,What topics does the take-home exam cover in 10.571J?,When is the take-home exam handed out and when is it due in 10.571J?,,
1289,d1_s0090_N4_v4,"When was 1.012 Introduction to Civil Engineering Design taught, and at what level?","When was 1.012 Introduction to Civil Engineering Design taught outside the spring term, and at what level?",,
1290,d4_s0414_P3_v4,what is metastaic squamous neck cancer with ocult primary,What is metastatic squamous neck cancer with occult primary?,,
1291,d3_s0001_N1_v1,I enter a valid username and password on the Django admin login page but it just redisplays the login form with no error message. What's the likely cause and fix?,How do I customize the template used for the Django admin login page?,,
1292,d1_s0536_N4_v2,Which Integrated Chemical Engineering Topics course at MIT is not taught by Dr. Barry S. Johnston?,Who is the instructor of MIT's Integrated Chemical Engineering Topics I: Process Control by Design course?,,
1293,d1_s0484_P3_v3,hey how much % is problem sets and class participaton in the final grade acording to syllabus,"According to the syllabus, what percentages do Problem Sets and Class Participation contribute to the final grade?",,
1294,d4_s0358_N1_v2,What is gallbladder cancer and where is the gallbladder located in the body?,How is gallbladder cancer treated?,,
1295,d4_s0016_N5_v2,What are common signs and symptoms of CLL?,What is the rarest symptom of CLL?,,
1296,d3_s0027_N1_v1,How do you manually clear Django's recorded list of executed queries?,How do you read Django's recorded list of executed queries?,,
1297,d2_s0663_P2_v4,"Which three international contests were used to benchmark the approach, and for which languages?",Tell me which languages were covered by each of the three international contests used for benchmarking.,,
1298,d3_s0168_P2_v2,In the overriding-templates example the 'blog' app provides two templates — which are they?,"In the overriding-templates example, what two templates does the third-party 'blog' app provide?",,
1299,d5_s0086_N1_v1,"Theo Thông tư 40/2026/TT-BGDĐT, nguyên tắc thực hiện công tác sinh viên là gì?","Theo Thông tư 40/2026/TT-BGDĐT, ""công tác sinh viên"" được định nghĩa như thế nào?",,
1300,d4_s0681_N1_v1,"What percentage of abdominal aortic aneurysms rupture, and what is the typical outcome?",What symptoms does an abdominal aortic aneurysm cause?,,
1301,d3_s0753_P1_v1,What are the three primary ways to adopt React Compiler incrementally?,What are the three main approaches to incrementally adopt React Compiler?,,
1302,d1_s0375_N5_v1,Which problem set is due earliest in the 10.302 Transport Processes calendar?,When is Problem set 1 due in the 10.302 Transport Processes calendar?,,
1303,d4_s0680_N3_v2,"Where does a brain aneurysm occur, and who is most commonly affected?","Where in the body does an abdominal aortic aneurysm occur, and who is most commonly affected?",,
1304,d2_s0040_N6_v2,How did the heavy Union losses at Fredericksburg affect Burnside's command?,How did Union casualties compare to Confederate casualties at the Battle of Fredericksburg?,,
1305,d2_s0239_P3_v1,how many tweets were manually annotated to train the assertion classifier n how many had assertions?,"How many tweets were manually annotated to train the assertion classifier, and how many of them contained assertions?",,
1306,d2_s0107_N4_v2,"How much did CLSTM's accuracy drop relative to the baseline LSTM on next sentence selection, and on which datasets?","How much did CLSTM improve accuracy over the baseline LSTM on the next sentence selection task, and on which datasets?",,
1307,d4_s0307_N3_v2,At what age does retinoblastoma occur most often?,At what age does intraocular melanoma occur most often?,,
1308,d1_s0137_N1_v2,How many practice exams with solutions does the course offer?,What topics do the course's practice exams with solutions cover?,,
1309,d5_s0328_N2_v1,Chương trình đào tạo đã đạt chuẩn kiểm định tại cơ sở giáo dục nghề nghiệp công lập được thu học phí tối đa gấp bao nhiêu lần mức trần quy định tại điểm a khoản 2 Điều 10?,Chương trình đào tạo chất lượng cao đã đạt chuẩn kiểm định tại cơ sở giáo dục nghề nghiệp công lập được thu học phí tối đa gấp bao nhiêu lần mức trần?,,
1310,d2_s0648_N2_v1,By what percentage can EGL reduce word errors compared to random sampling in speech recognition active learning?,By what percentage can EGL reduce word errors on out-of-vocabulary words compared to random sampling in speech recognition active learning?,,
1311,d4_s0567_N2_v2,What are the two main types of small cell lung cancer?,What are the two main types of lung cancer overall?,,
1312,d2_s0145_P3_v1,What are the three tasks that cQA forum automation is divided into?,wat r the 3 tasks cqa forum automation is divided into,,
1313,d5_s0015_P3_v4,giam 70% hoc phi ap dung cho nhung nganh nghe thuat truyen thong dac thu nao the?,"Những học sinh, sinh viên học ngành nghệ thuật truyền thống và đặc thù nào được giảm 70% học phí?",,
1314,d3_s0002_N2_v1,Which two User model fields must both be True for a user to access the Django admin?,Which two User model fields must both be True for a user to access a specific ModelAdmin's change page?,,
1315,d5_s0024_N3_v2,Học phí được định nghĩa như thế nào trong Nghị định 81/2021/NĐ-CP?,"Giá dịch vụ giáo dục, đào tạo được định nghĩa như thế nào trong Nghị định 81/2021/NĐ-CP?",,
1316,d3_s0169_P1_v4,What DIRS setting is used to override templates from the project's templates directory in the example?,What is DIRS set to in the example for overriding templates via the project's templates directory?,,
1317,d3_s0263_N2_v2,"At how many characters should documentation, comments, and docstrings be wrapped in Django's coding style?",At how many characters should reST tables in Django's documentation be wrapped?,,
1318,d4_s0370_N1_v1,What is the survival rate for testicular cancer?,Which age group has the highest rate of testicular cancer?,,
1319,d5_s0118_P1_v1,"Trước khi ra quyết định, nhà trường phải báo kết quả rèn luyện cho sinh viên trước tối thiểu mấy ngày?",Kết quả rèn luyện phải được thông báo cho sinh viên trước khi ban hành quyết định ít nhất bao nhiêu ngày?,,
1320,d4_s0113_N3_v2,What are the four subtypes of non-Hodgkin lymphoma in children?,What are the four subtypes of classical Hodgkin lymphoma in children?,,
1321,d1_s0124_P1_v3,Who taught 1.020 Ecology II: Engineering for Sustainability?,Who was the faculty member teaching 1.020 Ecology II: Engineering for Sustainability?,,
1322,d1_s0747_N2_v2,"How many written assignments must students select in this course, and which assignment is mandatory for everyone?","How many assignments of any kind must students complete in this course, and which are mandatory?",,
1323,d5_s0142_N3_v1,"Thông tư 40/2026/TT-BGDĐT thay thế văn bản nào của Bộ Giáo dục và Đào tạo, ban hành ngày nào?","Thông tư 40/2026/TT-BGDĐT thay thế văn bản nào của Bộ Lao động - Thương binh và Xã hội, ban hành ngày nào?",,
1324,d4_s0023_P3_v2,What symptoms might indicate chronic myelogenous leukemia?,symptoms of cml? what shud i look out for,,
1325,d2_s0180_P2_v2,Tell me the accuracy improvement of the character-level encoder-decoder on SimpleQuestions and the technique it did without.,"By how much did the character-level encoder-decoder model improve state-of-the-art accuracy on the SimpleQuestions dataset, and without using what technique?",,
1326,d1_s0658_P3_v3,Who taught MIT's 10.626 Electrochemical Energy Systems course and in which term?,who tought MIT's 10.626 Electrochemical Enegy Systems and in wich term,,
1327,d3_s0337_N6_v1,"Which two Python packaging tools does the Django reusable-apps tutorial use, and for what purpose?",Where does the Django reusable-apps tutorial tell you to publish the package built with setuptools?,,
1328,d3_s0318_P3_v4,DJANGO 7.1: aiterator() after prefetch_related() no chunk_size -> what happens,"Starting in Django 7.1, what happens if QuerySet.aiterator() is called after prefetch_related() without a chunk_size?",,
1329,d4_s0134_N6_v2,What functions does the cerebrum control?,How are the cerebrum's functions divided between its two hemispheres?,,
1330,d5_s0193_N2_v1,Luận án tiến sĩ phải đáp ứng những yêu cầu học thuật nào theo Quy chế?,Phần tổng quan của luận án tiến sĩ phải đáp ứng những yêu cầu học thuật nào?,,
1331,d5_s0208_N6_v1,Thông tư số 08/2021/TT-BGDĐT được ban hành ngày nào và quy định về nội dung gì?,Thông tư số 08/2021/TT-BGDĐT được đăng Công báo vào ngày nào?,,
1332,d2_s0489_N2_v2,Which off-the-shelf tools does SA-NMT use across its whole preprocessing pipeline?,Which off-the-shelf word aligners does SA-NMT use to obtain training alignments in advance?,,
1333,d2_s0163_N1_v1,What are the three main components of the model architecture described in this paper?,What hyperparameters were used to train the model architecture described in this paper?,,
1334,d5_s0251_N4_v2,Luận án bị coi là không đạt yêu cầu thẩm định khi có tỷ lệ bao nhiêu thành viên Hội đồng thẩm định đồng ý?,Luận án được coi là đạt yêu cầu thẩm định khi có tỷ lệ bao nhiêu thành viên Hội đồng thẩm định đồng ý?,,
1335,d5_s0088_N4_v2,"""Sinh viên ngoại trú"" được Thông tư 40/2026/TT-BGDĐT định nghĩa ra sao?",Những sinh viên nào không được coi là sinh viên ngoại trú theo Thông tư 40/2026/TT-BGDĐT?,,
1336,d1_s0132_N3_v1,When is the final presentation due in the course schedule?,When is the final paper due in the course schedule?,,
1337,d2_s0642_P1_v1,"How large was the BLEU gain from Word2Vec embeddings over the baseline RNNSearch model, and what BLEU did that baseline achieve?","By how much did Word2Vec embeddings improve BLEU score over the baseline RNNSearch model, and what was that baseline's BLEU score?",,
1338,d2_s0389_N5_v4,Which WebQA input setting gives the proposed model its worst F1?,What F1 score does the proposed model achieve on WebQA using word-based input?,,
1339,d3_s0127_N1_v1,How do you enable 404 error reporting by email in Django?,Why might Django skip sending a 404 error email even though 404 reporting is enabled?,,
1340,d5_s0241_P3_v2,"từ nh 2023-2024, HĐND cấp tỉnh đc quyết mức tăng hp hằng năm tối đa bn phần trăm ạ?","Từ năm học 2023-2024, Hội đồng nhân dân cấp tỉnh được quyết định mức tăng học phí hằng năm tối đa bao nhiêu phần trăm?",,
1341,d4_s0496_N4_v2,Between what ages does pregnancy-associated breast cancer occur most often?,At what ages does breast cancer occur most often in women who have never been pregnant?,,
1342,d1_s0471_N5_v3,Which instructor has taught MIT's 10.442 Biochemical Engineering the fewest terms?,Who is the instructor for MIT's 10.442 Biochemical Engineering course?,,
1343,d3_s0830_N6_v2,Why is sending a chat message implemented as an event handler rather than an Effect?,How do you make part of the message-sending logic non-reactive inside an Effect?,,
1344,d5_s0140_P2_v2,Thông tư 40/2026/TT-BGDĐT về công tác sinh viên có hiệu lực thi hành từ ngày nào?,Hiệu lực thi hành của Thông tư 40/2026/TT-BGDĐT về công tác sinh viên được tính từ ngày nào?,,
1345,d4_s0059_N1_v1,"Among people infected with HHV-8, who is most likely to develop Kaposi sarcoma?","Among people infected with HHV-8, how is the virus passed from person to person?",,
1346,d1_s0115_N3_v2,"How many exams does the 1.018J Ecology I course have, and what resources are provided for each?","How many quizzes does the 1.018J Ecology I course have, and what resources are provided for each?",,
1347,d5_s0199_P2_v3,Để được làm Chủ tịch Hội đồng đánh giá luận án tiến sĩ thì phải có chức danh khoa học tối thiểu nào?,Chủ tịch Hội đồng đánh giá luận án tiến sĩ phải có chức danh khoa học tối thiểu nào?,,
1348,d1_s0717_P1_v2,"How many words must the final project paper contain, and does that vary between individual and group work?","What is the required word count for the final project paper, and does it differ for individual versus group submissions?",,
1349,d4_s0559_P3_v2,What is non-small cell lung cancer?,nsclc what is it??,,
1350,d3_s0005_N1_v1,How do I customize the label shown for a ManyToManyField filter in list_filter?,Why might a ManyToManyField not appear as a filter in list_filter?,,
1351,d5_s0085_N6_v2,Cơ quan nào hướng dẫn thực hiện Thông tư 40/2026/TT-BGDĐT trong các cơ sở giáo dục?,Những đối tượng nào không thuộc phạm vi áp dụng của Thông tư 40/2026/TT-BGDĐT?,,
1352,d4_s0119_P2_v1,"Which type of non-Hodgkin lymphoma is most common, and in which age group does it occur more often?",Name the most common non-Hodgkin lymphoma type and the age group it favors.,,
1353,d3_s0237_N6_v1,What must you do to change a Django locale's format files?,Who reviews the ticket you open for a change to a Django locale's format files?,,
1354,d4_s0163_N6_v2,"What gene is pineoblastoma linked to, and what is trilateral retinoblastoma?",What is the prognosis for trilateral retinoblastoma?,,
1355,d2_s0615_N4_v2,What does IRN stand for and what two components make it up?,"In IRN, which memory is local rather than global?",,
1356,d2_s0523_P1_v1,How much larger is the BookTest dataset compared to the Children's Book Test (CBT)?,By what factor does the BookTest dataset exceed the size of the Children's Book Test (CBT)?,,
1357,d5_s0271_N6_v1,Khối lượng học tập tối thiểu và tối đa của sinh viên trong một học kỳ được quy định trong khung nào so với khối lượng trung bình chuẩn?,Sinh viên đăng ký khối lượng học tập dưới mức tối thiểu trong một học kỳ thì bị xử lý thế nào?,,
1358,d5_s0083_N3_v1,Thông tư 41/2026/TT-BGDĐT quy định về nội dung gì?,Thông tư 40/2026/TT-BGDĐT quy định về nội dung gì?,,
1359,d1_s0375_N1_v2,Which problems does Problem set 1 contain in 10.302 Transport Processes?,When is Problem set 1 due in the 10.302 Transport Processes calendar?,,
1360,d4_s0114_N6_v1,At what age range does Hodgkin lymphoma often occur?,Why does Hodgkin lymphoma often occur in adolescents 15 to 19 years of age?,,
1361,d5_s0334_N6_v1,"Học sinh THCS ở thôn/bản đặc biệt khó khăn, xã khu vực III vùng dân tộc và miền núi đã đóng học phí trước ngày 01/9/2022 thì được hoàn trả thế nào?","Học sinh trung học cơ sở ở thôn/bản đặc biệt khó khăn, xã khu vực III vùng dân tộc và miền núi được miễn học phí từ năm học nào?",,
1362,d5_s0174_N5_v1,Thời gian tối đa để người học thạc sĩ định hướng nghiên cứu hoàn thành luận văn là bao lâu?,"Người học theo chương trình đào tạo thạc sĩ định hướng nghiên cứu, học thuật cần làm gì để được công nhận tốt nghiệp?",,
1363,d3_s0809_N4_v1,What are the three steps React takes to display UI on screen?,What steps does React take to remove UI from the screen?,,
1364,d3_s0311_P1_v3,Django's docs are written using which markup language?,What markup language is Django's documentation written in?,,
1365,d3_s0147_P3_v1,wat new arg replaces the old 'connection' arg in djangos email functions?,What new argument replaces the old 'connection' argument in Django's email-sending functions?,,
1366,d4_s0077_P3_v1,"At what age do infantile hemangiomas typically first appear, and are they present at birth?",wen do infantile hemangiomas first appear n r they there at birth?,,
1367,d2_s0395_P1_v3,What do the dependency word pair sparse features in this MT reordering approach actually capture?,What exactly is represented by the dependency word pair sparse features in this MT reordering approach?,,
1368,d2_s0200_N4_v2,What data source and sampling method were used to build the causal-statement Twitter corpus?,Which posts from the Gardenhose stream were excluded from the causal-statement corpus?,,
1369,d4_s0396_P1_v2,What parts of the oropharynx can oropharyngeal cancer arise in?,Which tissues of the oropharynx can oropharyngeal cancer form in?,,
1370,d2_s0300_N1_v2,What corpus was used to train the PoS tagging models in this paper?,What tagging accuracy did the PoS models in this paper reach?,,
1371,d5_s0232_N4_v4,Ai có quyền trình Hội đồng nhân dân cấp tỉnh phê duyệt mức trần giá dịch vụ giáo dục ở địa bàn có khả năng xã hội hóa cao?,Ai có quyền trình Hội đồng nhân dân cấp tỉnh phê duyệt mức trần giá dịch vụ giáo dục ở địa bàn có khả năng xã hội hóa thấp?,,
1372,d5_s0230_N4_v2,"Việc giao nhiệm vụ, đặt hàng, đấu thầu dịch vụ giáo dục, đào tạo không sử dụng ngân sách nhà nước thực hiện theo Nghị định số nào?","Việc giao nhiệm vụ, đặt hàng, đấu thầu dịch vụ giáo dục, đào tạo sử dụng ngân sách nhà nước được thực hiện theo Nghị định số nào và ban hành ngày nào?",,
1373,d4_s0592_N6_v2,Does the category of a pituitary tumor change how it is treated?,What are the three categories used to classify pituitary tumors?,,
1374,d4_s0489_N1_v1,What are the risk factors for male breast cancer?,At what age range is male breast cancer usually detected?,,
1375,d5_s0332_P3_v2,Học sinh tiểu học trường công lập có phải đóng học phí không?,con em hoc tieu hoc truong cong co phai dong hp ko ạ,,
1376,d2_s0764_P3_v3,"What is the largest number of parameters used in a MoE model architecture presented in the paper, and how is it integrated into the network?",wat is the largst no. of parametrs used in a moe model in the papr and how is it intergrated into the network,,
1377,d1_s0556_N1_v1,What are the prerequisites for 10.490 Integrated Chemical Engineering I?,How many units of credit does 10.490 Integrated Chemical Engineering I carry?,,
1378,d5_s0306_N1_v1,"Cơ sở đào tạo phải hoàn thành việc rà soát, sửa đổi quy chế đào tạo nội bộ phù hợp với Quy chế mới trước thời hạn nào?",Cơ sở đào tạo phải công khai quy chế đào tạo nội bộ đã sửa đổi ở đâu?,,
1379,d4_s0348_N4_v2,What factors affect the prognosis and treatment options for ovarian tumors of high malignant potential?,What factors affect the prognosis and treatment options for ovarian low malignant potential tumors?,,
1380,d4_s0370_P1_v4,Which ages have the greatest incidence of testicular cancer?,Which age group has the highest rate of testicular cancer?,,
1381,d4_s0301_P2_v3,"What are the three main parts of the uvea, the middle layer of the eye where intraocular melanoma forms?","Intraocular melanoma forms in the uvea, the middle layer of the eye — what are its three main parts?",,
1382,d5_s0024_N1_v2,Học phí được định nghĩa như thế nào trong Nghị định 81/2021/NĐ-CP?,Phạm vi điều chỉnh của Nghị định 81/2021/NĐ-CP gồm những nội dung gì?,,
1383,d4_s0175_N3_v2,What is the typical physical composition of an ependymoma?,What is the typical physical composition of a craniopharyngioma tumor?,,
1384,d3_s0039_P3_v2,"According to the React 18 plan announcement, how many components at Facebook had concurrent features successfully shipped to them?","acc to the react 18 plan post, concurrent feats shipped to how many components at facebook??",,
1385,d2_s0006_N1_v2,"Does supplying neutral feature words in this approach require manual annotation, and what effect does it have?",How many neutral feature words are used in the experiments?,,
1386,d2_s0707_P3_v2,STC2 abbreviation = what in this papr??,What does the abbreviation STC^2 stand for in this paper?,,
1387,d1_s0403_P3_v3,hey other than the exams what else is on the Seperation Processes exams pg,"Besides the exams themselves, what other material is listed on the exams page of Separation Processes?",,
1388,d4_s0069_N1_v2,How are childhood soft tissue sarcomas treated?,Where do soft tissue sarcoma tumors most often form in children?,,
1389,d1_s0482_P2_v1,"How many lecture sessions per week does the 10.442 Biochemical Engineering course hold, and how long is each session?","For 10.442 Biochemical Engineering, lectures are held how many times per week and last how long?",,
1390,d3_s0185_N3_v1,"Why can't you keep using an old version of Python indefinitely, according to the upgrade guide?","Why can't you keep using an old version of Django indefinitely, according to the upgrade guide?",,
1391,d2_s0538_N5_v2,"Apart from the proposed model, which system scored highest on social norm violation recognition?",What F1 score did the proposed model achieve for recognizing social norm violation?,,
1392,d5_s0023_N6_v2,"Theo Nghị định 81/2021/NĐ-CP, cơ sở giáo dục phải kê khai giá dịch vụ giáo dục, đào tạo với cơ quan nào?","Theo Nghị định 81/2021/NĐ-CP, giá dịch vụ trong lĩnh vực giáo dục, đào tạo bao gồm những khoản nào?",,
1393,d2_s0352_N2_v2,"In the paper's example, what entity does executing the mapped query for 'Who is the president of the United States?' against Freebase return?","In the paper's example, what entity does the first clause alone of the mapped query for 'Who is the president of the United States?' return against Freebase?",,
1394,d1_s0263_N4_v4,"What review materials are provided for Quiz 1, and at which session are they listed?",What review materials are withheld from students for Quiz 1?,,
1395,d5_s0316_P1_v3,"Cơ quan chủ trì phối hợp với Bộ Tài chính trong quản lý nhà nước về học phí và giá dịch vụ giáo dục, đào tạo là ai?","Cơ quan nào chủ trì, phối hợp với Bộ Tài chính thực hiện quản lý nhà nước về học phí và giá dịch vụ giáo dục, đào tạo?",,
1396,d3_s0167_P2_v1,"If a template of the same name exists in both an app's templates directory and the project's templates directory, which one does Django's default loader use?",Same template name in an app's templates directory and in the project's templates directory — tell me which one Django's default loader uses.,,
1397,d3_s0219_N1_v2,"What does the ""needsnewfeatureprocess"" resolution mean on a Django ticket?","What's required before reopening a ticket marked ""needsnewfeatureprocess""?",,
1398,d2_s0163_N3_v1,What are the three main components of the baseline architecture described in this paper?,What are the three main components of the model architecture described in this paper?,,
1399,d2_s0609_N3_v1,"What six specific reactions did Facebook introduce alongside ""like""?",What six specific reactions did Twitter introduce alongside 'like'?,,
1400,d2_s0377_N1_v1,Which six languages did the tweetLID shared task require systems to identify?,What evaluation metric did the tweetLID shared task use to score systems?,,
1401,d3_s0387_P3_v2,Which six applications does Django include by default in INSTALLED_APPS?,django installed_apps default 6 apps - which ones??,,
1402,d4_s0288_N6_v2,"How is cancer of the endometrium, the lining of the uterus, detected?",What is endometrial cancer?,,
1403,d4_s0682_N6_v1,How quickly must someone be treated after an abdominal aortic aneurysm ruptures?,"What symptoms can occur with an abdominal aortic aneurysm, and what happens if it ruptures?",,
1404,d2_s0013_N3_v1,What name do the authors give to the dataset introduced in this paper for question answering?,What name do the authors give to the model proposed in this paper for question answering?,,
1405,d2_s0744_N4_v3,What feature does AntSynNET add that is not derived from the parse tree?,What new feature does the AntSynNET model add on top of standard lexico-syntactic pattern information for distinguishing antonyms and synonyms?,,
1406,d1_s0124_N5_v2,Who was the first instructor of 1.020 Ecology II: Engineering for Sustainability?,Who taught 1.020 Ecology II: Engineering for Sustainability?,,
1407,d2_s0470_P1_v2,"Which subreddits were sampled to build the dogmatism training dataset, and how many posts came from each?","What subreddits provided data for the dogmatism training set, and how many posts came from each one?",,
1408,d4_s0804_N3_v2,"What percentage of people with ATRX syndrome have cognitive impairment, cryptorchidism, and microcephaly?","What percentage of people with Coffin-Lowry syndrome have cognitive impairment, cryptorchidism, and microcephaly?",,
1409,d2_s0168_N5_v3,Which of the main tasks in extractive query-focused summarization does AttSum emphasize least?,What are the two main tasks in extractive query-focused summarization according to the AttSum paper?,,
1410,d2_s0107_N2_v2,"How much did CLSTM improve accuracy over the baseline LSTM across all evaluated tasks, and on which datasets?","How much did CLSTM improve accuracy over the baseline LSTM on the next sentence selection task, and on which datasets?",,
1411,d5_s0182_N4_v1,Quyết định công nhận nghiên cứu sinh phải bao gồm những thông tin cơ bản nào?,Quyết định thôi công nhận nghiên cứu sinh phải bao gồm những thông tin cơ bản nào?,,
1412,d2_s0739_N3_v1,What examples does the paper give of named entities with unusual surface forms that make NER precision difficult?,What examples does the paper give of named entities with unusual surface forms that make NER recall difficult?,,
1413,d2_s0561_N1_v1,"What percentage of gang-related homicide victims are innocent bystanders, according to the CDC data cited in the paper?",How many gang-related homicides does the CDC data cited in the paper record annually?,,
1414,d4_s0047_P2_v4,What chemical exposures are listed as risk factors for soft tissue sarcoma?,I'd like to know which chemicals are on the risk-factor list for soft tissue sarcoma.,,
1415,d1_s0086_N2_v1,"How many problem sets in Ecology I: The Earth System are group assignments, and do they include solutions?","How many problem sets are assigned in Ecology I: The Earth System, and do they include solutions?",,
1416,d5_s0135_N5_v1,Hình thức kỷ luật nào của sinh viên có thời hạn hết hiệu lực dài nhất?,Sau bao lâu thì quyết định kỷ luật khiển trách và quyết định kỷ luật cảnh cáo hết hiệu lực nếu sinh viên không tái vi phạm?,,
1417,d3_s0344_P1_v2,"Which project names does the Django tutorial say to avoid, and why?","What project names should you steer clear of according to the Django tutorial, and why?",,
1418,d1_s0036_N6_v2,What background knowledge is assumed for students taking 1.010 Uncertainty in Engineering?,Is there a placement test for the background knowledge assumed in 1.010 Uncertainty in Engineering?,,
1419,d4_s0314_N6_v1,What should a woman taking tamoxifen for breast cancer do to monitor for uterine sarcoma?,Why does tamoxifen treatment raise the risk of uterine sarcoma?,,
1420,d1_s0501_P3_v4,"Who taught the course whose exams are listed on this page, and in what term?",instructor n term for the course w these exams pls,,
1421,d4_s0222_N2_v2,"Which organs make up the entire digestive system, including the accessory organs?",Which organs make up the gastrointestinal tract according to the document?,,
1422,d2_s0214_P1_v3,How many tweet-inherent features did the researchers analyze for country-level classification of tweets?,How many tweet-internal features did the authors investigate for identifying a tweet's country?,,
1423,d4_s0779_N6_v1,Can hair follicles attacked by the immune system in alopecia universalis recover?,What is believed to cause alopecia universalis?,,
1424,d5_s0073_N5_v1,Ai có thẩm quyền phê duyệt mức trần giá dịch vụ giáo dục ở các địa bàn có khả năng xã hội hóa cao?,Mức trần giá dịch vụ giáo dục cao nhất từng được phê duyệt ở địa bàn có khả năng xã hội hóa cao là bao nhiêu?,,
1425,d2_s0452_N2_v2,How much time and money does the proposed system save on the yes/no visual questions only?,"How much time and money does the proposed system save, and over how many visual questions, compared to the status quo?",,
1426,d4_s0252_N2_v2,What is the normal function of eosinophils in the body?,What is the normal function of white blood cells in the body?,,
1427,d4_s0390_N1_v1,How is hypopharyngeal cancer diagnosed?,What symptoms might indicate hypopharyngeal cancer?,,
1428,d2_s0807_P3_v2,hcn optimized with which learning methods,What learning methods can be used to optimize Hybrid Code Networks?,,
1429,d5_s0041_N6_v1,Sinh viên sư phạm được hỗ trợ tiền đóng học phí và chi phí sinh hoạt ở mức nào?,Dịch vụ đào tạo giáo viên được thực hiện theo văn bản pháp luật nào?,,
1430,d1_s0529_N5_v2,Must a 10.467 student contact every member of their lab group if they can't make a scheduled lab session?,What must a 10.467 student do if they can't make it to a scheduled lab session?,,
1431,d2_s0657_N3_v1,"How many dialogues were in the training, development, and test sets?","How many utterances were in the training, development, and test sets?",,
1432,d3_s0489_N3_v2,"How many times was React downloaded in 2023, according to the State of React talk at React Conf 2023?","How many times was React downloaded in 2023, according to the State of React talk at React Conf 2024?",,
1433,d4_s0328_P1_v3,Which three subtypes make up extracranial germ cell tumors in children?,What are the three types of childhood extracranial germ cell tumors?,,
1434,d5_s0225_N2_v2,"Theo Điều 15, những ai chịu trách nhiệm thi hành Nghị định về học phí này?","Theo Điều 15, những ai chịu trách nhiệm thi hành Nghị định về học phí tại các cơ sở giáo dục thuộc lực lượng vũ trang?",,
1435,d3_s0099_N4_v1,What two arguments should a custom template engine pass when raising TemplateDoesNotExist so it populates the postmortem page?,Which arguments should a custom template engine omit when raising TemplateDoesNotExist?,,
1436,d2_s0802_N5_v1,How many different versions of the TWNERTC dataset were constructed?,Which version of the TWNERTC dataset is the largest?,,
1437,d1_s0125_P1_v4,Which theme is addressed by problem set 1 in Ecology II: Engineering for Sustainability?,What is problem set 1 about in Ecology II: Engineering for Sustainability?,,
1438,d1_s0019_N6_v2,Who is the instructor for MIT's course 1.010 Uncertainty in Engineering?,Which textbook did the instructor of MIT's 1.010 Uncertainty in Engineering assign?,,
1439,d4_s0430_N6_v1,What is the most common type of oropharyngeal cancer?,Which cells in the oropharynx do squamous cell carcinomas start in?,,
1440,d2_s0095_N2_v2,"In the low-resource setting with 3,000 token annotations, how much better does the multilingual parser perform than a monolingual baseline?","Across all resource settings, how much better does the multilingual parser perform than a monolingual baseline?",,
1441,d4_s0017_N2_v2,What is the significance of an IgVH gene mutation for CLL patients?,What is the significance of gene mutations generally for CLL patients?,,
1442,d1_s0550_N3_v1,How is the final grade determined in this course?,How is the final grade determined in 10.491 Integrated Chemical Engineering II?,,
1443,d2_s0764_N2_v1,"What is the largest number of parameters used in a MoE model architecture presented in the paper, and how is it integrated into the network?","What is the largest number of parameters used in a single expert of the paper's MoE architecture, and how is that expert integrated?",,
1444,d5_s0330_N2_v2,"Công thức tính tổng học phí toàn khóa theo tín chỉ, mô-đun đối với chương trình chất lượng cao trong giáo dục nghề nghiệp là gì?","Công thức tính tổng học phí toàn khóa theo tín chỉ, mô-đun trong giáo dục nghề nghiệp là gì?",,
1445,d3_s0194_N1_v2,How can you customize Django's terminal color palette on Windows?,How can you disable colored terminal output in Django on Windows?,,
1446,d5_s0175_P2_v4,"Khi thành lập hội đồng đánh giá luận văn thạc sĩ, cơ sở đào tạo phải bảo đảm số thành viên và trình độ như thế nào?",Hội đồng đánh giá luận văn thạc sĩ phải có bao nhiêu thành viên và yêu cầu trình độ tối thiểu là gì?,,
1447,d1_s0659_N2_v1,What is the prerequisite for the project component of 10.626 Electrochemical Energy Systems?,What is the prerequisite for 10.626 Electrochemical Energy Systems?,,
1448,d4_s0575_N5_v4,What is the smallest proportion of lung cancer cases that tobacco smoking causes in either sex?,What proportion of lung cancer cases in men and women are caused by tobacco smoking?,,
1449,d5_s0086_N2_v2,"Theo Thông tư 40/2026/TT-BGDĐT, ""công tác sinh viên"" được định nghĩa như thế nào?","Theo Thông tư 40/2026/TT-BGDĐT, công tác người học nói chung được định nghĩa như thế nào?",,
1450,d1_s0002_N5_v1,In which term was MIT course 1.00 first taught?,"In which term was MIT course 1.00 taught, according to this page?",,
1451,d3_s0614_N6_v2,How do I verify that requests under /some-app/ are reaching the React app?,What server-side step is needed so requests under /some-app/ reach the React app?,,
1452,d4_s0759_N3_v2,What is adolescent idiopathic scoliosis?,What is congenital scoliosis?,,
1453,d4_s0372_N5_v2,Which testicular germ cell tumor type is the least common?,What are the two main types of testicular germ cell tumors?,,
1454,d4_s0542_P3_v1,How has the number of new melanoma cases changed over the past several decades?,how has the num of new melanoma cases changed over the past few decades?,,
1455,d1_s0594_N2_v2,How many assignments of any kind are posted for 10.52 Mechanics of Fluids?,How many problem sets are posted for 10.52 Mechanics of Fluids?,,
1456,d5_s0111_N3_v2,"Theo Điều 15 khoản 2, nhà trường phối hợp với cơ quan nào để quản lý cư trú của sinh viên ngoại trú?","Theo Điều 16 khoản 2, nhà trường phối hợp với cơ quan nào để quản lý cư trú của sinh viên ngoại trú?",,
1457,d3_s0679_P1_v4,"With `export default function Button() {}` as the export, which import syntax is correct?","If a component is exported with `export default function Button() {}`, what is the correct way to import it?",,
1458,d5_s0078_N1_v1,Nghị quyết 29/2026/NQ-HĐND của HĐND tỉnh Tuyên Quang có hiệu lực từ ngày nào?,Nghị quyết 29/2026/NQ-HĐND được HĐND tỉnh Tuyên Quang thông qua vào ngày nào và tại kỳ họp nào?,,
1459,d3_s0561_P3_v1,Who are the eight Platinum founding members of the React Foundation?,who r the 8 platinum founding members of the react foundation?,,
1460,d2_s0382_N4_v2,How many examples does the SNLI corpus contain?,How many SNLI examples lack a gold label?,,
1461,d2_s0800_N3_v2,How many entities and domains do the gazetteers constructed for the TWNERTC dataset cover?,How many entities and domains do the ontologies constructed for the TWNERTC dataset cover?,,
1462,d3_s0092_N3_v1,What happens if multiple Django sites run in a single mod_wsgi process without using daemon mode?,What happens if multiple Django sites run in a single uWSGI process without using daemon mode?,,
1463,d3_s0131_P3_v3,which two methds does django suport for prepopulating a database w/ initial data,What two methods does Django support for providing initial data to prepopulate a database?,,
1464,d4_s0699_P2_v2,"Achondroplasia is caused by which gene, with how many specific mutations behind nearly all cases?","What gene is responsible for achondroplasia, and how many specific mutations account for almost all cases?",,
1465,d3_s0159_N5_v1,What Python library does Django use to generate PDF files dynamically?,Is ReportLab the only Python library Django can use to generate PDFs dynamically?,,
1466,d4_s0187_N1_v1,What is the main function of the liver?,How many lobes does the liver have and where is it located?,,
1467,d2_s0182_N1_v1,How many training examples does SimpleQuestions contain in the Freebase2M setting?,What accuracies did the model achieve in the Freebase2M and Freebase5M settings on SimpleQuestions?,,
1468,d4_s0774_P3_v2,Which hormones does the body become resistant to in Albright's hereditary osteodystrophy?,AHO — hormone resistance to which hormones??,,
1469,d2_s0782_P3_v3,wich 5 langauges does the multilingual NER sytem repport the best resutls for,Which five languages does the multilingual NER system report best results for?,,
1470,d3_s0051_N5_v2,Which React version first introduced createRoot?,What API should be used instead of ReactDOM.render in React 18?,,
1471,d4_s0070_N2_v1,"What genetic change is found in the cells of round cell myxoid liposarcoma, and how is it used?","What genetic change is found in the cells of myxoid liposarcoma, and how is it used?",,
1472,d2_s0708_N3_v1,How many public short text datasets were used to test the proposed STC^1 framework?,How many public short text datasets were used to test the proposed STC^2 framework?,,
1473,d3_s0073_N3_v2,How many new interactive examples were added to the new React documentation site?,How many new diagrams were added to the new React documentation site?,,
1474,d2_s0040_N3_v2,How did Union casualties compare to Confederate casualties at the Battle of Antietam?,How did Union casualties compare to Confederate casualties at the Battle of Fredericksburg?,,
1475,d4_s0106_N2_v1,What is primary CNS lymphoma and where in the body can it start?,What is ocular lymphoma and where in the eye can it start?,,
1476,d1_s0424_P2_v3,What materials can students use to prepare for quizzes and the final exam in 10.34?,What is made available in 10.34 for studying ahead of the quizzes and the final exam?,,
1477,d5_s0122_P1_v3,"Mức độ vi phạm kỷ luật của sinh viên được chia thành mấy mức, mức nào có tác hại lớn nhất?",Hành vi vi phạm kỷ luật của sinh viên chia làm mấy mức và mức nào tác hại nặng nề nhất?,,
1478,d3_s0746_P3_v3,Why are build-time errors from React Compiler considered rare?,why are buildtime erros frm react compiler so rare,,
1479,d3_s0249_P2_v2,"Pre-commit hooks for a Django contribution — how do you install them, and what do they do?","How do you install pre-commit hooks for a Django contribution, and what do they do?",,
1480,d3_s0532_N4_v1,Which frameworks has the React team partnered with to help new apps adopt React Compiler by default?,Which frameworks ship with React Compiler disabled by default despite the partnership?,,
1481,d3_s0817_N3_v2,"In the Async Server Component with Suspense demo, how long does fetchAlbums wait and what albums does it return?","In the Client Component with Suspense demo, how long does fetchAlbums wait and what albums does it return?",,
1482,d3_s0505_P1_v3,When was the 'Sunsetting Create React App' announcement published and who wrote it?,"On what date was the Create React App sunset announcement published, and by which authors?",,
1483,d2_s0245_N1_v1,"According to Hodosh et al. (2013), what do the crowdsourced descriptions in datasets like Flickr30K supposedly focus on?","According to Hodosh et al. (2013), how were the crowdsourced descriptions in datasets like Flickr30K collected?",,
1484,d4_s0089_P1_v4,"What is the most common type of indolent non-Hodgkin lymphoma, and what age group is most often diagnosed with it?","Which type of indolent NHL is seen most often, and what age are most patients when it is found?",,
1485,d5_s0007_P3_v4,"Năm học 2025-2026, mức trần học phí nhóm ngành Kỹ thuật và công nghệ thông tin tại cơ sở GDNN công lập chưa tự bảo đảm chi thường xuyên là bao nhiêu?",Nam 2025-2026 truong nghe cong lap chua tu bao dam chi tx thu toi da bn cho nganh KT-CNTT a?,,
1486,d5_s0180_P2_v4,Tôi muốn hỏi người có bằng đại học hạng khá cần đáp ứng thêm điều kiện gì để dự tuyển tiến sĩ.,Người tốt nghiệp đại học hạng khá muốn dự tuyển tiến sĩ cần đáp ứng thêm điều kiện gì?,,
1487,d5_s0054_N3_v1,"Mức chi tiền công cho các kỳ thi, cuộc thi khác do cơ quan có thẩm quyền giao tổ chức bằng bao nhiêu phần trăm mức chi cho kỳ thi học sinh giỏi cấp huyện?","Mức chi tiền công cho các kỳ thi, cuộc thi khác do cơ quan có thẩm quyền giao tổ chức bằng bao nhiêu phần trăm mức chi cho kỳ thi học sinh giỏi cấp tỉnh?",,
1488,d3_s0096_P2_v2,"For a custom Django template backend, what must be inherited and what must be implemented?","What class must a custom Django template backend inherit from, and which method(s) must it implement?",,
1489,d3_s0467_N1_v1,Where is React Compiler currently running in production according to this February 2024 update?,What does the February 2024 update say React Compiler actually does to your components?,,
1490,d1_s0624_N1_v2,Which topics does MIT course 10.520 Molecular Aspects of Chemical Engineering cover?,Who is the instructor for MIT course 10.520 Molecular Aspects of Chemical Engineering?,,
1491,d2_s0708_N4_v3,"How many public short text datasets were used to train, rather than test, the proposed STC^2 framework?",How many public short text datasets were used to test the proposed STC^2 framework?,,
1492,d4_s0784_N1_v1,What kidney and hearing problems does Alport syndrome cause?,"What percentage of Alport syndrome cases are caused by X-linked mutations in the COL4A5 gene, and how are the remaining cases inherited?",,
1493,d4_s0133_N3_v2,Which cancers most commonly spread to the leptomeninges?,Which cancers most commonly spread to the dura mater?,,
1494,d3_s0111_P1_v1,What manage.py option can automate some of the checks in Django's deployment checklist?,Which manage.py option automates part of the checks in Django's deployment checklist?,,
1495,d1_s0202_N2_v2,What readings accompany Assignment 1 in the Spring 2009 Project Management course?,What optional supplementary readings accompany Assignment 1 in Spring 2009 Project Management?,,
1496,d5_s0355_N6_v1,"Nếu hồ sơ dự toán kinh phí miễn, giảm học phí của trường mầm non, tiểu học, THCS công lập không được thẩm định thông qua thì xử lý ra sao?","Hồ sơ dự toán kinh phí miễn, giảm học phí của trường mầm non, tiểu học, THCS công lập được gửi về đâu để thẩm định?",,
1497,d1_s0060_N2_v2,"What three dimensions qualify ""Nested Complexity"" in the 1.011 syllabus's course description section?","What three dimensions qualify ""Nested Complexity"" in the 1.011 course keyword list?",,
1498,d2_s0493_N1_v2,What two Bayesian nonparametric components make up the Twitter-Network (TN) topic model?,What data was the Twitter-Network (TN) topic model evaluated on?,,
1499,d3_s0051_N6_v2,How do I rewrite a ReactDOM.render call using the new React 18 root API?,What API should be used instead of ReactDOM.render in React 18?,,
1500,d1_s0289_P1_v4,Who held the student assistant role in MIT's 1.054 in Spring 2004?,Who served as the student assistant for MIT's 1.054 course in Spring 2004?,,
